Feature,Mean_SHAP,Mean_Absolute_SHAP,Min_SHAP,Max_SHAP,Positive_Contribution_%,Negative_Contribution_%,Zero_Contribution_%
num__Relief Ratio,11.35154877012579,78.03151471088842,-169.4423538016379,100.75985454388339,65.86294416243655,34.13705583756345,0.0
num__Precipitation of Driest Month,6.773577460448867,23.447276868079054,-36.015712444681995,42.66952061764641,39.974619289340104,60.0253807106599,0.0
num__Mean Temperature of Coldest Quarter,-11.287962361458124,23.120891118622627,-44.96458894603222,18.25499460204395,47.46192893401015,52.53807106598985,0.0
num__Annual Mean Temperature,-9.468055683338275,19.953099663960888,-40.45446826971715,52.2199194264041,23.3502538071066,76.6497461928934,0.0
num__Precipitation of Driest Quarter,7.661891494979149,18.172799101143294,-22.698013590578825,37.987101222200884,43.52791878172589,56.47208121827412,0.0
num__Isothermality,5.424101269032552,14.88023967355605,-34.018944039076274,32.51257698207284,79.82233502538071,20.17766497461929,0.0
num__Mean Diurnal Range,-1.5801724887268422,14.279239215087268,-30.19685034803878,18.041961028754795,69.28934010152284,30.710659898477154,0.0
num__Precipitation of Wettest Month,6.827009160748512,13.868201216065277,-14.887415984540649,55.53769985078656,31.091370558375637,68.90862944162437,0.0
cat__Basin_Krishna,10.650262024554396,11.341228572996664,-0.8214707387385776,93.47243678660091,34.01015228426396,65.98984771573603,0.0
num__Ruggedness Number,-5.211888398785599,10.946602862419285,-27.720363794990647,24.407055990453966,26.903553299492383,73.09644670050761,0.0
num__Precipitation of Wettest Quarter,4.646317847802401,9.979596500752212,-11.392377078635478,38.95337544556615,31.091370558375637,68.90862944162437,0.0
num__Mean Temperature of Wettest Quarter,2.464067757656771,9.95582281091162,-46.95144009984096,43.20695186874322,85.91370558375635,14.086294416243655,0.0
num__Annual Precipitation,6.38039948181496,7.493233356685561,-1.931096990402286,18.818166280973934,67.00507614213198,32.99492385786802,0.0
num__Road Density,0.3493051194033491,6.901813389428259,-16.004554154143936,28.876039038317217,48.984771573604064,51.01522842639594,0.0
num__Infiltration Number,4.17680163885075,6.864509892832947,-2.6352752485313706,166.86517223453063,9.517766497461928,90.48223350253807,0.0
num__Temperature Seasonality,2.272099159019717,6.803523380109067,-17.545662210869125,11.480399293073292,76.39593908629442,23.604060913705585,0.0
num__1990_GDP_PC_PPP,-4.786741465987342,6.6901874045441065,-9.67849533740301,12.983148743996923,11.548223350253807,88.4517766497462,0.0
num__Precipitation Seasonality,5.039986011225244,5.21646448717118,-3.2030865024487727,20.70196325197856,86.80203045685279,13.19796954314721,0.0
num__Min Temperature of Coldest Month,-2.409138540388721,4.0498965087883025,-11.323682500398842,4.201202681944522,48.60406091370558,51.39593908629442,0.0
num__Precipitation of Coldest Quarter,2.7860596623130087,3.453294819201981,-25.287063119364596,8.0170100568577,85.78680203045685,14.213197969543149,0.0
cat__Basin_Godavari,1.0533381823716021,3.452667334803733,-2.207462945985458,197.5014488094098,1.2690355329949239,98.73096446700508,0.0
num__Mean Temperature of Warmest Quarter,-0.14355051592011978,3.366076810974106,-4.645272989449937,41.771481631234366,5.0761421319796955,94.9238578680203,0.0
num__No. of Fourthorder Streams,-1.9931355612261634,3.1696707059630738,-8.220497945716424,2.7842866599257867,44.67005076142132,55.32994923857868,0.0
num__SecondThird Stream Length Ratio,-2.701586804352547,2.7521828240251494,-10.174979301489985,1.613319561258935,9.771573604060913,90.22842639593908,0.0
num__Fifthorder Streams Mean Length,-2.1651828713337835,2.5898551942534964,-8.898510962628494,2.7077870032222653,63.07106598984772,36.92893401015229,0.0
num__2010_GDP_PC_PPP,-1.4104260820962415,2.4591261944328395,-11.638197071287445,1.482928395912189,83.3756345177665,16.624365482233504,0.0
num__Compactness Coefficient,-1.4646916451213603,2.0146499536325306,-14.539833107985874,0.7190625172360577,61.54822335025381,38.45177664974619,0.0
num__Precipitation of Warmest Quarter,0.2583400810100691,1.93476642787323,-3.9056846959087714,16.45062652454822,62.56345177664975,37.43654822335025,0.0
num__Source Catchment Area,-1.6337893259060063,1.9208809282517414,-4.2580180295884995,0.69028224741746,50.76142131979695,49.23857868020304,0.0
num__Max Temperature of Warmest Month,0.7952509977909383,1.8177751246080691,-3.6052325321819936,5.383144960440511,68.1472081218274,31.85279187817259,0.0
num__Catchment Relief,-0.6530617953662647,1.6099147276237646,-3.291487676394775,3.3432343560023194,33.629441624365484,66.37055837563452,0.0
num__Fitness Ratio,-1.2346713320033855,1.5850584557959977,-2.5405175728073037,4.852791616732315,3.934010152284264,96.06598984771574,0.0
num__Catchment Perimeter,-0.26839219710979967,1.5340874847325379,-2.7227609760215055,2.2092060572185805,57.74111675126904,42.25888324873097,0.0
num__Population Count,-0.34210727914350975,1.4116643836182725,-28.592190758479916,2.6109632669468374,92.76649746192894,7.233502538071066,0.0
num__Firstorder Streams Length,-0.13226856910763546,1.3629158112128146,-2.3520547938301313,2.0696753341188865,60.913705583756354,39.08629441624365,0.0
cat__KoppenGeiger Climate Type_Arid,1.3439003406143488,1.360725864599075,-0.02537394559300392,4.955399119419257,38.45177664974619,61.54822335025381,0.0
num__Area variation (%),-0.28585307035697044,1.325022161741702,-5.464726555589563,3.6328377227924,62.43654822335025,37.56345177664975,0.0
num__Circularity Ratio,-0.5741947748410944,1.3244371585953534,-13.644433288040213,0.7281484339351048,86.42131979695431,13.578680203045684,0.0
num__No. of Thirdorder Streams,-0.45351454142821923,1.3068745348171336,-2.188324229601753,2.0088003469441778,44.67005076142132,55.32994923857868,0.0
num__Temperature Annual Range,-0.6481664603909855,1.2922731754683012,-3.7616985505842866,6.809665407669491,16.116751269035532,83.88324873096447,0.0
num__2015_GDP_PC_PPP,-0.7163911111816875,1.2548105523589523,-5.929158108082223,0.8317092054763673,83.3756345177665,16.624365482233504,0.0
num__Downvalley Length,-1.0642718762121417,1.2350387009744759,-3.486104191693179,0.22126598604103967,61.42131979695431,38.578680203045685,0.0
num__Event_Start_DayOfYear,-0.6724306527369664,1.0757246627244976,-6.080202416344336,37.81537676457616,2.5380710659898478,97.46192893401016,0.0
num__Urban percentage,-0.43699694648974957,0.9959606896929699,-2.2624172080507683,0.974263669407812,57.74111675126904,42.25888324873097,0.0
num__Elongation Ratio,-0.40749802327059614,0.976264302999404,-1.7679719732474224,10.539571279662553,42.00507614213198,57.99492385786802,0.0
num__Channel Frequency,-0.9159440098608547,0.9159440098608547,-3.0063132777094443,-0.478844292964698,0.0,100.0,0.0
num__Event_Start_Year,-0.23047475769005354,0.8957753059514719,-5.004571036668519,6.644206530149566,9.517766497461928,90.48223350253807,0.0
num__Catchment Area,-0.44536582784929946,0.7516406843751149,-1.4899800803363192,1.1460936359168559,48.47715736040609,51.52284263959391,0.0
num__FirstSecond Stream Length Ratio,0.15181165792279158,0.6901521151306745,-1.984802019968017,2.4157633944377275,44.03553299492386,55.964467005076145,0.0
num__ThirdForth Bifurcation Ratio,-0.5916801132159273,0.6876667056525021,-5.455604952612119,2.055634911258796,72.58883248730965,27.411167512690355,0.0
num__Secondorder Streams  Mean Length,-0.1411629226193643,0.6545840711529691,-1.3816562839907611,1.693685600445212,46.44670050761421,53.55329949238579,0.0
num__Latitude,-0.07361879482622646,0.6394074636871189,-10.477150923605638,0.5841521825870549,92.25888324873097,7.741116751269035,0.0
cat__Basin_Cauvery,0.5605933872428794,0.6303005671571056,-0.09250159482943346,6.621805970398547,9.263959390862944,90.73604060913706,0.0
num__No. of Secondorder Streams,0.535097618679411,0.5940710912641591,-0.46418848617132147,2.8928504631904493,89.46700507614213,10.532994923857867,0.0
num__Drainage Texture,0.3667190803133533,0.5596777007204808,-1.6726960918009877,4.1933821744474375,22.20812182741117,77.79187817258884,0.0
num__T4d,-0.5343661936130981,0.5476196820099684,-14.638991550725084,0.21323680148674157,9.263959390862944,90.73604060913706,0.0
num__T10d,-0.51115853355814,0.5329718932692933,-11.828460307809852,0.6105673876901466,2.4111675126903553,97.58883248730965,0.0
num__1990_GDP_PPP,0.40850430397993825,0.5166163349282987,-0.10198904435190198,13.01776899035162,3.5532994923857872,96.44670050761421,0.0
num__Drainage Area,0.036371719222419094,0.3999960787912221,-1.706581202412996,2.3274408955825585,24.36548223350254,75.63451776649747,0.0
num__Sinuosity Index,-0.2596699803443422,0.39908897118818665,-1.7633363096746062,6.023464984211239,1.7766497461928936,98.22335025380711,0.0
num__1995_HDI,-0.07146385581929422,0.38866445160696167,-1.2716474319252966,0.6294200853711409,79.94923857868021,20.050761421319795,0.0
num__1995_GDP_PC_PPP,-0.3307237918414256,0.3882664592022707,-0.7218499722369307,1.137598759092629,11.802030456852792,88.19796954314721,0.0
num__Mean Temperature of Driest Quarter,-0.0497375152231567,0.3603078193209401,-3.696932111106084,2.11803827788536,18.02030456852792,81.97969543147208,0.0
num__Night Light,0.3062719185460204,0.3353683016314374,-5.561069631569552,0.7656996188911076,98.73096446700508,1.2690355329949239,0.0
num__1995_GDP_PPP,0.1404113462925494,0.32455010804831463,-0.2288690240275485,6.542675980374312,3.5532994923857872,96.44670050761421,0.0
cat__Basin_Tapi,0.2890976521061507,0.3112755848521744,-0.01499174273942497,11.458099638933128,6.345177664974619,93.65482233502537,0.0
cat__Event_Season_Winter,-0.25566842686269814,0.26818642573254786,-5.287158803581906,0.38257535655666736,1.903553299492386,98.09644670050761,0.0
num__Event_Start_Month,-0.21868814454487256,0.25598740531417136,-3.770522674747225,2.7042193942627843,1.2690355329949239,98.73096446700508,0.0
num__Thirdorder Streams Mean Length,0.05590526125277216,0.23376731188742747,-0.4015905323414946,7.315346191317208,18.02030456852792,81.97969543147208,0.0
num__T8d,-0.18047875057187782,0.2329703266613851,-3.280478048218575,7.8754708117956875,3.1725888324873095,96.8274111675127,0.0
cat__lithology type_Basic volcanic rocks,0.1502849049430388,0.22696964707074524,-0.24564055608387247,0.810334659775068,84.39086294416244,15.609137055837563,0.0
num__Thirdorder Streams Length,-0.20319408199848812,0.215988910332105,-0.9628107411647487,0.3323761118481192,9.771573604060913,90.22842639593908,0.0
num__Drainage Intensity,0.12047326311649496,0.213221479130698,-0.8955997196030681,0.6223634111847327,32.233502538071065,67.76649746192894,0.0
num__2000_GDP_PPP,0.08039416697670293,0.20729897163466635,-0.10662199622542752,3.496497289937185,4.695431472081219,95.30456852791879,0.0
cat__Land cover_No dominant class,0.19456668576885847,0.19986601313961527,-0.004290803450551625,5.157238277279918,36.16751269035533,63.83248730964467,0.0
num__Drainage Density,0.10680402143731252,0.1858692937816778,-0.7015854883337713,7.983745765953043,42.51269035532995,57.48730964467005,0.0
num__2005_GDP_PPP,0.1115011290617285,0.17879784781870134,-0.05513567538060035,4.086221754949748,3.5532994923857872,96.44670050761421,0.0
num__Fourthorder Streams Mean Length,-0.11796222975229603,0.17741704737088287,-0.8429083851590904,0.2680266198628913,37.18274111675127,62.817258883248726,0.0
num__Lemniscates Value,0.16828155195146102,0.17109445336797657,-0.047038020172548524,3.520848979820093,92.76649746192894,7.233502538071066,0.0
num__T5d,-0.10448456580735255,0.16781933938004,-3.0820152122975455,8.560553783256795,8.248730964467004,91.75126903553299,0.0
num__T2d,-0.11979472569212046,0.15424875573868946,-1.2787438154818154,1.4563152245786344,25.380710659898476,74.61928934010153,0.0
num__SecondThird Bifurcation Ratio,0.11302302601306922,0.14376463614321816,-0.23029834043284192,3.301727020475462,23.096446700507613,76.90355329949239,0.0
num__Longitude,-0.02711787571103057,0.12569531351742982,-5.351954075757861,6.928039817447803,79.69543147208121,20.304568527918782,0.0
num__FourthFifth Stream Length Ratio,0.10760247815963611,0.12176493470933915,-0.01678202852817692,0.5470531982416696,45.0507614213198,54.9492385786802,0.0
num__2000_GDP_PC_PPP,0.09609625212606501,0.1138726001415757,-1.368987503459893,2.8510555450226414,68.1472081218274,31.85279187817259,0.0
num__Fourthorder Streams Length,-0.06237272106490959,0.10224769701396266,-1.4454846430642776,0.04106490463250788,90.60913705583756,9.390862944162437,0.0
cat__Land cover_Mosaic vegetation,-0.005287665716721484,0.09435776961358797,-0.42244961705303163,13.462657458361168,0.5076142131979695,99.49238578680203,0.0
num__Secondorder Streams Length,-0.08382337959457034,0.09282580501988719,-0.23193448420178914,0.2815619207950857,2.918781725888325,97.08121827411168,0.0
cat__State_Chhattisgarh,-0.09094938174542051,0.09094938174542051,-0.11713177661458525,-0.034114972457487236,0.0,100.0,0.0
num__No. of Firstorder Streams,-0.07181491769233113,0.08827359123212807,-0.32704078125408387,0.1798724296897462,64.59390862944161,35.40609137055837,0.0
num__T6d,-0.06817816901341385,0.08133633302083487,-0.5039388951587511,0.2940763772745198,3.934010152284264,96.06598984771574,0.0
num__Firstorder Streams  Mean  Length,0.0797813770044533,0.0797813770044533,0.02467026699183728,1.1242368950358315,100.0,0.0,0.0
num__Form Factor,-0.0021847781138111403,0.060890541772133704,-0.38137162285283016,0.29939098137588543,61.29441624365482,38.70558375634518,0.0
num__FourthFifth Bifurcation Ratio,0.016143969880698047,0.05666130262804744,-0.9162893211012784,0.06631115758085239,97.58883248730965,2.4111675126903553,0.0
cat__lithology type_No dominant class,0.02699095336566283,0.0562913374320104,-0.9494428079563928,0.13986797919956848,93.90862944162437,6.091370558375635,0.0
num__T9d,-0.04694211581962034,0.05548468246094793,-0.40658946509987426,0.22442534859998128,2.918781725888325,97.08121827411168,0.0
num__T3d,-0.03913306023120474,0.048245242737178465,-0.8392121819456926,0.10591751978266829,6.345177664974619,93.65482233502537,0.0
num__Population Density,0.02640463199575522,0.0328748243345649,-0.004335108353114021,0.8341466355052188,3.5532994923857872,96.44670050761421,0.0
cat__KoppenGeiger Climate Type_No dominant class,-0.022587889681673873,0.032379584099976245,-0.15818711742450983,0.021441954554420734,27.03045685279188,72.96954314720813,0.0
num__2015_GDP_PPP,0.005596107113861027,0.027390147954323322,-0.029120746502045238,1.3336262327484518,4.695431472081219,95.30456852791879,0.0
num__Fifthorder Streams Length,-0.027034641975445164,0.027034641975445164,-0.040309469567843544,-0.006943255058197844,0.0,100.0,0.0
num__1990_HDI,0.022574149233834374,0.023650831282990614,-0.0018530468584982344,0.2518091024679666,52.15736040609137,47.84263959390863,0.0
cat__State_Madhya Pradesh,0.021938581462298816,0.02313137821581539,-0.029022282798992823,1.4511141399496403,10.65989847715736,89.34010152284264,0.0
cat__Basin_West flowing rivers of Kutchh and Saurashtra including Luni,-0.02210996696089311,0.02210996696089311,-0.023884008007629205,-0.021406456618625624,0.0,100.0,0.0
num__Wandering Ratio,0.018098978667499818,0.018098978667499818,0.005790643289039942,0.039113448391652,100.0,0.0,0.0
num__2010_HDI,0.0077137225888385405,0.013168156498020226,-0.24285099249535208,0.7279895205180155,69.03553299492386,30.96446700507614,0.0
cat__Land cover_Forest,-0.012366118310543154,0.012366118310543154,-0.10029124370134226,-0.0019875308690538366,0.0,100.0,0.0
num__FirstSecond Bifurcation Ratio,-0.007754045432890439,0.011644654781926347,-1.9349689681665883,0.18194071283591112,20.685279187817258,79.31472081218274,0.0
num__Maximal Flow Length,-0.005184047665040411,0.010976800878412624,-0.1854465138331793,0.07645996077794975,61.92893401015228,38.07106598984771,0.0
num__Catchment Length,-0.009283243700924624,0.010267255558796574,-0.5768268616587283,0.14735173278341182,7.614213197969544,92.38578680203045,0.0
cat__Soil type_Vertisols,-0.005079011957597642,0.006263097277141112,-0.012243263119142655,0.0013603625687936285,53.68020304568528,46.31979695431472,0.0
cat__Soil type_No dominant class,0.0038663734991513338,0.006125360828113478,-0.0013951203366206302,0.04185361009861891,13.324873096446701,86.6751269035533,0.0
cat__Soil type_Luvisols,-0.004460862283123501,0.004482962681290888,-0.005215983334418856,0.0001852671676159706,5.964467005076142,94.03553299492386,0.0
num__T1d,-0.002268488556754512,0.004104442513430352,-0.1779667562245662,0.20988932557733772,44.16243654822335,55.83756345177665,0.0
num__2015_HDI,-0.002336677659104622,0.0034517474660443956,-0.004096375783319707,0.003256093571356691,19.289340101522843,80.71065989847716,0.0
num__T7d,-0.0025702469349126573,0.0030203588431679473,-0.038730343713451514,0.020317473381527784,1.1421319796954315,98.85786802030458,0.0
cat__State_Telangana,-0.002420838130229711,0.0029074880948080756,-0.08439999592061326,0.031956681007312596,0.7614213197969544,99.23857868020305,0.0
num__2005_HDI,0.0012101059871644406,0.0019346200431314719,-0.003215191138738485,0.06134716795247124,79.82233502538071,20.17766497461929,0.0
cat__Land cover_Cropland,-0.0006685436867268598,0.0018071806598096258,-0.008314577705045106,0.013476884368009324,36.6751269035533,63.3248730964467,0.0
num__2010_GDP_PPP,-0.000975343792327417,0.0016060179244903176,-0.03396323709612779,0.027609512008020295,1.1421319796954315,98.85786802030458,0.0
cat__State_Gujarat,0.001307602585391435,0.0014355068616926558,-0.012598571215670262,0.0013998412461855847,99.49238578680203,0.5076142131979695,0.0
cat__Soil type_Cambisols,0.0006178934797387524,0.0013061256387784722,-0.005214682128108647,0.019722977918619333,93.4010152284264,6.598984771573605,0.0
cat__Basin_Mahi,0.0001638498474564556,0.0012518199084948969,-0.14288673468304863,0.008370092167003195,99.61928934010153,0.3807106598984772,0.0
cat__State_Kerala,0.0003887047162087781,0.0005800287956785406,-0.0001710040339084245,0.0020520484069010947,23.604060913705585,76.39593908629442,0.0
num__2005_GDP_PC_PPP,-2.7584323869284697e-06,0.00018840201882083525,-0.0004713485972484029,0.00011783714931210075,79.56852791878173,20.431472081218274,0.0
num__Stream Order,0.0,0.0,0.0,0.0,0.0,0.0,100.0
num__No. of Fifthorder Streams,0.0,0.0,0.0,0.0,0.0,0.0,100.0
num__Basin Magnitude,0.0,0.0,0.0,0.0,0.0,0.0,100.0
num__2000_HDI,0.0,0.0,0.0,0.0,0.0,0.0,100.0
num__ThirdForth Stream Length Ratio,0.0,0.0,0.0,0.0,0.0,0.0,100.0
cat__KoppenGeiger Climate Type_Temperate,0.0,0.0,0.0,0.0,0.0,0.0,100.0
cat__Soil type_Leptosols,0.0,0.0,0.0,0.0,0.0,0.0,100.0
cat__Soil type_Acrisols,0.0,0.0,0.0,0.0,0.0,0.0,100.0
cat__KoppenGeiger Climate Type_Tropical,0.0,0.0,0.0,0.0,0.0,0.0,100.0
cat__Basin_Ganga - Brahmaputra -Meghna/Barak,0.0,0.0,0.0,0.0,0.0,0.0,100.0
cat__Basin_Ganga,0.0,0.0,0.0,0.0,0.0,0.0,100.0
cat__Basin_East flowing rivers between Pennar Kanyakumari,0.0,0.0,0.0,0.0,0.0,0.0,100.0
cat__Basin_East flowing rivers between Mahanadi and Pennar,0.0,0.0,0.0,0.0,0.0,0.0,100.0
cat__Basin_Brahmani and Baitarni,0.0,0.0,0.0,0.0,0.0,0.0,100.0
cat__Basin_ Brahmni - Baitarni,0.0,0.0,0.0,0.0,0.0,0.0,100.0
cat__lithology type_Unconsolidated sediments,0.0,0.0,0.0,0.0,0.0,0.0,100.0
cat__lithology type_Metamorphics,0.0,0.0,0.0,0.0,0.0,0.0,100.0
cat__Soil type_Lixisols,0.0,0.0,0.0,0.0,0.0,0.0,100.0
cat__lithology type_Acid plutonic rocks,0.0,0.0,0.0,0.0,0.0,0.0,100.0
cat__Soil type_Fluvisols,0.0,0.0,0.0,0.0,0.0,0.0,100.0
cat__Basin_West Flowing Rivers From Tadri to Kanyakumari,0.0,0.0,0.0,0.0,0.0,0.0,100.0
cat__Basin_Subernarekha,0.0,0.0,0.0,0.0,0.0,0.0,100.0
cat__Basin_Subarnarekha,0.0,0.0,0.0,0.0,0.0,0.0,100.0
cat__Basin_Mahanadi,0.0,0.0,0.0,0.0,0.0,0.0,100.0
cat__Basin_Narmada,0.0,0.0,0.0,0.0,0.0,0.0,100.0
cat__State_Andhra Pradesh,0.0,0.0,0.0,0.0,0.0,0.0,100.0
cat__Basin_West flowing rivers from Tapi to Tadri,0.0,0.0,0.0,0.0,0.0,0.0,100.0
cat__Basin_West flowing rivers from Tadri to Kanyakumari,0.0,0.0,0.0,0.0,0.0,0.0,100.0
cat__Basin_West flowing rivers from Tapi of Tadri,0.0,0.0,0.0,0.0,0.0,0.0,100.0
cat__Basin_West flowing rivers from  Tapi to Tadri,0.0,0.0,0.0,0.0,0.0,0.0,100.0
cat__State_Jharkhand,0.0,0.0,0.0,0.0,0.0,0.0,100.0
cat__State_Karnataka,0.0,0.0,0.0,0.0,0.0,0.0,100.0
cat__State_Dadra and Nagar Haveli and Daman and Diu,0.0,0.0,0.0,0.0,0.0,0.0,100.0
cat__State_Odisha,0.0,0.0,0.0,0.0,0.0,0.0,100.0
cat__State_Maharashtra,0.0,0.0,0.0,0.0,0.0,0.0,100.0
cat__State_Tamil Nadu,0.0,0.0,0.0,0.0,0.0,0.0,100.0
cat__State_Rajasthan,0.0,0.0,0.0,0.0,0.0,0.0,100.0
cat__State_West Bengal,0.0,0.0,0.0,0.0,0.0,0.0,100.0
cat__Event_Season_Monsoon,0.0,0.0,0.0,0.0,0.0,0.0,100.0
cat__Event_Season_Post-Monsoon,0.0,0.0,0.0,0.0,0.0,0.0,100.0
cat__Event_Season_Pre-Monsoon,0.0,0.0,0.0,0.0,0.0,0.0,100.0
