GaugeID,Events,Mean_Absolute_Error,Median_Absolute_Error,Max_Absolute_Error,Mean_Residual
INDOFLOODS-gauge-917,5,40423.151677800866,48213.056354076936,86567.48461809247,-4189.248905692455
INDOFLOODS-gauge-609,35,12355.81863130416,7821.986786131853,66498.82087332275,6254.6933064898985
INDOFLOODS-gauge-395,8,9049.49965634773,5208.100497092217,41640.10671856373,5227.744276471535
INDOFLOODS-gauge-560,265,8969.240136496994,8359.468529088492,56097.629261877126,-5543.776084438362
INDOFLOODS-gauge-643,69,6200.648775268009,3927.815908089389,43455.196946951735,2907.2681325663953
INDOFLOODS-gauge-682,13,6043.975913142918,6392.674973941623,10613.657539708322,-4731.77218163126
INDOFLOODS-gauge-727,17,5641.71605660879,4618.646527664044,14973.352108881623,-3472.623451048476
INDOFLOODS-gauge-879,27,3218.986055003985,1065.64271752772,29224.43436927449,-2831.0565330051263
INDOFLOODS-gauge-130,112,3109.1297880158354,2917.8566276631914,9972.286102751816,-1798.4158928831016
INDOFLOODS-gauge-407,3,2957.771117050031,2891.4008172030926,3162.56935645222,-2957.771117050031
INDOFLOODS-gauge-814,3,2882.310224277906,1352.740224215419,6625.847321897128,-2436.7481397971255
INDOFLOODS-gauge-308,20,2724.3640068671816,1940.3631140896282,9115.265298894312,-298.6437306767016
INDOFLOODS-gauge-349,167,2714.3117035153764,1479.741282220098,24573.007928821287,1306.6408652204366
INDOFLOODS-gauge-372,69,1602.3370722026325,749.3055154298172,27269.6164992112,611.3451964430353
INDOFLOODS-gauge-440,46,1256.7528137117908,821.8911185292808,5679.0089724565005,-157.28209794282427
INDOFLOODS-gauge-438,19,1211.95712253704,1174.1862383229818,4998.599945561702,-406.31801084951536
INDOFLOODS-gauge-345,1,1163.4510638177585,1163.4510638177585,1163.4510638177585,-1163.4510638177585
INDOFLOODS-gauge-428,22,999.0761402404095,746.8643419376158,2504.822686729321,-51.07720997828728
INDOFLOODS-gauge-412,20,963.8333777125088,911.3845540038286,1974.7354572605689,-306.14471566873806
