Actual,Predicted,Residual,Absolute_Error,GaugeID,Target,T1d,T2d,T3d,T4d,T5d,T6d,T7d,T8d,T9d,T10d,Stream Order,Maximal Flow Length,Downvalley Length,Drainage Area,Catchment Relief,Catchment Length,Catchment Perimeter,Sinuosity Index,Form Factor,Relief Ratio,Elongation Ratio,Circularity Ratio,Lemniscates Value,Drainage Texture,Drainage Density,Compactness Coefficient,Wandering Ratio,Fitness Ratio,Basin Magnitude,Channel Frequency,Drainage Intensity,Infiltration Number,Ruggedness Number,No. of Firstorder Streams,No. of Secondorder Streams,No. of Thirdorder Streams,No. of Fourthorder Streams,No. of Fifthorder Streams,Firstorder Streams Length,Secondorder Streams Length,Thirdorder Streams Length,Fourthorder Streams Length,Fifthorder Streams Length,Firstorder Streams  Mean  Length,Secondorder Streams  Mean Length,Thirdorder Streams Mean Length,Fourthorder Streams Mean Length,Fifthorder Streams Mean Length,FirstSecond Stream Length Ratio,SecondThird Stream Length Ratio,ThirdForth Stream Length Ratio,FourthFifth Stream Length Ratio,FirstSecond Bifurcation Ratio,SecondThird Bifurcation Ratio,ThirdForth Bifurcation Ratio,FourthFifth Bifurcation Ratio,Annual Mean Temperature,Mean Diurnal Range,Isothermality,Temperature Seasonality,Max Temperature of Warmest Month,Min Temperature of Coldest Month,Temperature Annual Range,Mean Temperature of Wettest Quarter,Mean Temperature of Driest Quarter,Mean Temperature of Warmest Quarter,Mean Temperature of Coldest Quarter,Annual Precipitation,Precipitation of Wettest Month,Precipitation of Driest Month,Precipitation Seasonality,Precipitation of Wettest Quarter,Precipitation of Driest Quarter,Precipitation of Warmest Quarter,Precipitation of Coldest Quarter,KoppenGeiger Climate Type,2015_GDP_PPP,2010_GDP_PPP,2005_GDP_PPP,2000_GDP_PPP,1995_GDP_PPP,1990_GDP_PPP,2010_GDP_PC_PPP,2015_GDP_PC_PPP,2005_GDP_PC_PPP,2000_GDP_PC_PPP,1995_GDP_PC_PPP,1990_GDP_PC_PPP,Night Light,Road Density,Urban percentage,2010_HDI,2015_HDI,2005_HDI,2000_HDI,1995_HDI,1990_HDI,Population Count,Population Density,Land cover,Soil type,lithology type,Latitude,Longitude,Basin,State,Source Catchment Area,Catchment Area,Area variation (%),Event_Start_Year,Event_Start_Month,Event_Start_DayOfYear,Event_Season,Error_Type,Extreme_Event_90,Extreme_Event_95
170435.3,83867.81538190752,86567.48461809247,86567.48461809247,INDOFLOODS-gauge-917,170435.3,36.86365013,56.82030578,68.52318934,82.68427106,97.39962126,126.3681297,173.0649106,209.8958753,224.6333241,236.43451890000003,6,898543.875,541031.3125,128209.9141,1125,558456.9375,2168122.75,1.660798311,0.411095023,0.002014479,1.77e-11,0.342739165,2.432527542,0.0009612,0.000158753,1.720260859,1.608976126,0.414434046,1646,1.63e-08,0.000102389,2.58e-12,0.17859681,1646,351.0,66.0,16.0,4.0,10488742.0,5251639.0,2057882.25,1169442.0,998446.625,6372.26123,14961.93457,31180.0332,73090.125,249611.6563,0.500692904,0.39185524,0.568274498,0.853780389,4.689458847,5.318181992,4.125,4.0,25.62659,12.308767,53.446811,270.927281,37.686071,14.604778,23.081293,24.951908,24.621566,29.422005,22.634794,911.17224,267.764627,0.880375,105.508704,587.284308,8.098528,94.500816,34.233804,Arid,237533942.3,171757108.7,118038660.4,79993440.39,64291547.46,45274181.95,6151.495645,8001.20023,4530.012261,3305.381776,2919.405862,2319.456594,4.047464,380.048734,10.57823579,0.688037874,0.740233897,0.635841954,0.586018509,0.545685222,0.507724515,41648070.0,322.819146,Cropland,Vertisols,Basic volcanic rocks,16.2592,77.8411,Krishna,Telangana,132920.0,128209.9141,3.543549428,2005,8,214,Monsoon,Underprediction,True,True
87360.0,20861.17912667724,66498.82087332275,66498.82087332275,INDOFLOODS-gauge-609,87360.0,26.66028694,41.29133446,67.16430193,88.91658679,105.0408453,116.3955148,157.6107148,178.8184832,180.0415378,180.4596669,6,652978.75,360519.0625,45779.27344,709,363727.9375,1386936.375,1.811218381,0.346031457,0.001949259,4.56e-11,0.299065053,2.889910698,0.000589789,0.000162396,1.841591597,1.795239449,0.470806569,653,1.79e-08,0.000110029,2.9e-12,0.115138814,653,131.0,26.0,5.0,2.0,4002863.25,1515386.25,1033265.75,553823.0,298078.4688,6129.958984,11567.83398,39740.99219,110764.6016,149039.2344,0.378575563,0.681849778,0.535992801,0.53821975,4.984732628,5.038461685,5.199999809,2.5,27.012097,12.751571,43.95668,433.104957,42.526591,13.500833,29.025758,27.083481,23.302511,33.01995,21.912666,1040.812299,298.022678,5.374324,126.736955,751.94301,20.593607,195.406532,25.284847,Tropical,173963745.9,126515712.6,86965740.3,59412678.01,50890268.77,35842360.61,6878.021038,8946.185783,5013.548854,3654.75577,3463.016029,2727.1071,1.839401,333.211909,3.996364187,0.709488352,0.763311661,0.655665179,0.604288421,0.56269768,0.523553486,10630370.0,231.063832,Cropland,Vertisols,Basic volcanic rocks,19.81,79.38,Godavari,Maharashtra,46020.0,45779.27344,0.5230911779999999,1986,8,225,Monsoon,Underprediction,True,True
73644.12,17546.490738122866,56097.629261877126,56097.629261877126,INDOFLOODS-gauge-560,73644.12,38.72188409,44.65368477,47.6274185,49.13800862,55.36076581,56.75819611,57.07208364,58.69775779,88.0397033,120.962024,4,287671.5938,210795.125,8926.981445,864,216449.8594,626385.3125,1.364697576,0.190541685,0.003991687,1.73e-10,0.285911322,5.248195171,0.000237873,0.000160364,1.883477688,1.329044938,0.459256619,114,1.67e-08,0.000104082,2.68e-12,0.138554722,114,31.0,3.0,1.0,,718563.125,409152.3438,166609.1094,137244.1719,,6303.185547,13198.46289,55536.37109,137244.1719,,0.56940347,0.407205552,0.823749483,,3.677419424,10.33333302,3.0,,25.764242,12.706328,43.970409,434.982051,41.034291,12.15149,28.882801,25.557879,27.119344,31.848086,20.673906,1161.852684,341.936511,4.8136,134.29491,909.864179,20.640905,154.941463,35.193297,Tropical,44813907.59,32768307.86,23097431.35,17567820.39,17089937.72,14689976.67,4357.184359,5667.35392,3211.973055,2508.637112,2400.457416,1991.414495,0.41015,241.061947,2.435288712,0.55621633,0.598412105,0.514020656,0.473742904,0.441137102,0.410449309,1178748.0,130.395429,No dominant class,Vertisols,Basic volcanic rocks,21.2994,76.235,Tapi,Madhya Pradesh,8487.0,8926.981445,5.184181042,1978,8,237,Monsoon,Underprediction,True,True
68960.6,16872.725098349103,52087.8749016509,52087.8749016509,INDOFLOODS-gauge-560,68960.6,41.48324418,50.50451184,54.0716208,54.564588,55.14076434,55.63507954,58.96600519,148.80592119999997,168.5283024,170.8969969,4,287671.5938,210795.125,8926.981445,864,216449.8594,626385.3125,1.364697576,0.190541685,0.003991687,1.73e-10,0.285911322,5.248195171,0.000237873,0.000160364,1.883477688,1.329044938,0.459256619,114,1.67e-08,0.000104082,2.68e-12,0.138554722,114,31.0,3.0,1.0,,718563.125,409152.3438,166609.1094,137244.1719,,6303.185547,13198.46289,55536.37109,137244.1719,,0.56940347,0.407205552,0.823749483,,3.677419424,10.33333302,3.0,,25.764242,12.706328,43.970409,434.982051,41.034291,12.15149,28.882801,25.557879,27.119344,31.848086,20.673906,1161.852684,341.936511,4.8136,134.29491,909.864179,20.640905,154.941463,35.193297,Tropical,44813907.59,32768307.86,23097431.35,17567820.39,17089937.72,14689976.67,4357.184359,5667.35392,3211.973055,2508.637112,2400.457416,1991.414495,0.41015,241.061947,2.435288712,0.55621633,0.598412105,0.514020656,0.473742904,0.441137102,0.410449309,1178748.0,130.395429,No dominant class,Vertisols,Basic volcanic rocks,21.2994,76.235,Tapi,Madhya Pradesh,8487.0,8926.981445,5.184181042,1994,8,239,Monsoon,Underprediction,True,True
15400.0,63925.39237187384,-48525.39237187384,48525.39237187384,INDOFLOODS-gauge-917,15400.0,15.42743049,23.92600281,28.82408467,36.49277374,49.14123643,64.38895979,89.08826331,126.8547996,154.8928329,185.7447013,6,898543.875,541031.3125,128209.9141,1125,558456.9375,2168122.75,1.660798311,0.411095023,0.002014479,1.77e-11,0.342739165,2.432527542,0.0009612,0.000158753,1.720260859,1.608976126,0.414434046,1646,1.63e-08,0.000102389,2.58e-12,0.17859681,1646,351.0,66.0,16.0,4.0,10488742.0,5251639.0,2057882.25,1169442.0,998446.625,6372.26123,14961.93457,31180.0332,73090.125,249611.6563,0.500692904,0.39185524,0.568274498,0.853780389,4.689458847,5.318181992,4.125,4.0,25.62659,12.308767,53.446811,270.927281,37.686071,14.604778,23.081293,24.951908,24.621566,29.422005,22.634794,911.17224,267.764627,0.880375,105.508704,587.284308,8.098528,94.500816,34.233804,Arid,237533942.3,171757108.7,118038660.4,79993440.39,64291547.46,45274181.95,6151.495645,8001.20023,4530.012261,3305.381776,2919.405862,2319.456594,4.047464,380.048734,10.57823579,0.688037874,0.740233897,0.635841954,0.586018509,0.545685222,0.507724515,41648070.0,322.819146,Cropland,Vertisols,Basic volcanic rocks,16.2592,77.8411,Krishna,Telangana,132920.0,128209.9141,3.543549428,1994,7,202,Monsoon,Overprediction,True,False
16008.48,64221.53635407694,-48213.056354076936,48213.056354076936,INDOFLOODS-gauge-917,16008.48,30.64748464,46.97847729,52.95829377,61.97549499,70.99728512,79.91171946,96.86988992,129.6802763,158.6427501,175.3921775,6,898543.875,541031.3125,128209.9141,1125,558456.9375,2168122.75,1.660798311,0.411095023,0.002014479,1.77e-11,0.342739165,2.432527542,0.0009612,0.000158753,1.720260859,1.608976126,0.414434046,1646,1.63e-08,0.000102389,2.58e-12,0.17859681,1646,351.0,66.0,16.0,4.0,10488742.0,5251639.0,2057882.25,1169442.0,998446.625,6372.26123,14961.93457,31180.0332,73090.125,249611.6563,0.500692904,0.39185524,0.568274498,0.853780389,4.689458847,5.318181992,4.125,4.0,25.62659,12.308767,53.446811,270.927281,37.686071,14.604778,23.081293,24.951908,24.621566,29.422005,22.634794,911.17224,267.764627,0.880375,105.508704,587.284308,8.098528,94.500816,34.233804,Arid,237533942.3,171757108.7,118038660.4,79993440.39,64291547.46,45274181.95,6151.495645,8001.20023,4530.012261,3305.381776,2919.405862,2319.456594,4.047464,380.048734,10.57823579,0.688037874,0.740233897,0.635841954,0.586018509,0.545685222,0.507724515,41648070.0,322.819146,Cropland,Vertisols,Basic volcanic rocks,16.2592,77.8411,Krishna,Telangana,132920.0,128209.9141,3.543549428,2006,8,218,Monsoon,Overprediction,True,False
51770.44,8315.243053048265,43455.196946951735,43455.196946951735,INDOFLOODS-gauge-643,51770.44,62.04614743,125.447319,144.6335796,162.0169785,181.2399169,228.8471051,303.4788771000001,350.30210939999995,381.4818554,402.2503561,3,127724.7422,87262.79688,2428.131836,458,89340.92969,307853.4688,1.463679194,0.304208487,0.00512643,8.05e-10,0.321954161,3.287219286,8.12e-05,0.000151348,1.774921536,1.429633021,0.414888114,21,1.03e-08,6.8e-05,1.56e-12,0.069317497,21,3.0,1.0,,,182875.6406,112390.0703,72227.78125,,,8708.364258,37463.35547,72227.78125,,,0.614571035,0.64265269,,,7.0,3.0,,,24.15135,10.871689,54.394201,202.386351,34.497085,14.513735,19.98335,23.420391,23.831212,27.133015,22.223964,1922.841206,765.146064,0.459966,134.482891,1468.086432,8.835511,109.594975,55.556784,Tropical,609700604.5,436997832.5,294046659.2,195443466.8,164090733.7,111584646.5,7055.1577,9176.586,5155.1304,3743.8674,3565.661,2801.1133,9.785614,490.242424,27.38372093,0.72103643,0.7757358,0.6663372,0.6141242,0.5718565,0.53207517,1623644.0,662.643908,No dominant class,No dominant class,Basic volcanic rocks,16.6753,74.5736,Krishna,Maharashtra,2425.0,2428.131836,0.129147876,2006,7,210,Monsoon,Underprediction,True,True
47283.64,5643.533281436267,41640.10671856373,41640.10671856373,INDOFLOODS-gauge-395,47283.64,31.76536198,69.51118222,129.1182436,201.2201832,302.4869551000001,402.1381251,442.6192361,474.7039609,516.194935,550.8263755,3,104290.1719,81224.74219,2236.875732,467,86004.60938,249845.2656,1.283970475,0.302411556,0.005429942,8.71e-10,0.450307816,3.306751728,0.000124077,0.000141541,1.500795245,1.212611437,0.417419046,25,1.39e-08,9.79e-05,1.96e-12,0.06609951,25,5.0,1.0,,,116957.5078,164018.2031,35633.26172,,,4678.300293,32803.64063,35633.26172,,,1.402374268,0.217251867,,,5.0,5.0,,,24.18665,11.075734,54.916098,200.537812,34.717443,14.556409,20.161034,23.430001,23.979661,27.1836,22.318245,1886.774945,750.746176,0.27094,132.46966,1423.737436,9.079024,128.291697,57.328842,Tropical,286026137.4,206355699.9,141289730.8,95118285.67,77949691.46,54626087.58,6648.178742,8647.231833,4880.253337,3549.032858,3278.075833,2586.768133,6.450916,493.791667,23.87301587,0.707117828,0.7607613,0.653474479,0.602269379,0.560817604,0.521804203,1053845.0,467.127082,Cropland,Vertisols,Basic volcanic rocks,16.5639,74.5275,Krishna,Karnataka,2322.0,2236.875732,3.665989147,2017,7,205,Monsoon,Underprediction,True,True
47325.0,8241.444950971543,39083.55504902846,39083.55504902846,INDOFLOODS-gauge-643,47325.0,105.6768559,236.1464623,297.4527143,320.0810751,343.0815107,366.2836561,405.8994475,430.787324,449.8712947,475.3910845,3,127724.7422,87262.79688,2428.131836,458,89340.92969,307853.4688,1.463679194,0.304208487,0.00512643,8.05e-10,0.321954161,3.287219286,8.12e-05,0.000151348,1.774921536,1.429633021,0.414888114,21,1.03e-08,6.8e-05,1.56e-12,0.069317497,21,3.0,1.0,,,182875.6406,112390.0703,72227.78125,,,8708.364258,37463.35547,72227.78125,,,0.614571035,0.64265269,,,7.0,3.0,,,24.15135,10.871689,54.394201,202.386351,34.497085,14.513735,19.98335,23.420391,23.831212,27.133015,22.223964,1922.841206,765.146064,0.459966,134.482891,1468.086432,8.835511,109.594975,55.556784,Tropical,609700604.5,436997832.5,294046659.2,195443466.8,164090733.7,111584646.5,7055.1577,9176.586,5155.1304,3743.8674,3565.661,2801.1133,9.785614,490.242424,27.38372093,0.72103643,0.7757358,0.6663372,0.6141242,0.5718565,0.53207517,1623644.0,662.643908,No dominant class,No dominant class,Basic volcanic rocks,16.6753,74.5736,Krishna,Maharashtra,2425.0,2428.131836,0.129147876,2005,7,208,Monsoon,Underprediction,True,True
58550.0,20861.17912667724,37688.82087332276,37688.82087332276,INDOFLOODS-gauge-609,58550.0,25.79801814,50.69631013,64.72468226,85.92885845,108.9292649,113.7778066,119.4031281,123.5032368,139.6557889,152.3316887,6,652978.75,360519.0625,45779.27344,709,363727.9375,1386936.375,1.811218381,0.346031457,0.001949259,4.56e-11,0.299065053,2.889910698,0.000589789,0.000162396,1.841591597,1.795239449,0.470806569,653,1.79e-08,0.000110029,2.9e-12,0.115138814,653,131.0,26.0,5.0,2.0,4002863.25,1515386.25,1033265.75,553823.0,298078.4688,6129.958984,11567.83398,39740.99219,110764.6016,149039.2344,0.378575563,0.681849778,0.535992801,0.53821975,4.984732628,5.038461685,5.199999809,2.5,27.012097,12.751571,43.95668,433.104957,42.526591,13.500833,29.025758,27.083481,23.302511,33.01995,21.912666,1040.812299,298.022678,5.374324,126.736955,751.94301,20.593607,195.406532,25.284847,Tropical,173963745.9,126515712.6,86965740.3,59412678.01,50890268.77,35842360.61,6878.021038,8946.185783,5013.548854,3654.75577,3463.016029,2727.1071,1.839401,333.211909,3.996364187,0.709488352,0.763311661,0.655665179,0.604288421,0.56269768,0.523553486,10630370.0,231.063832,Cropland,Vertisols,Basic volcanic rocks,19.81,79.38,Godavari,Maharashtra,46020.0,45779.27344,0.5230911779999999,1983,8,224,Monsoon,Underprediction,True,True
61235.0,24527.46194407447,36707.53805592553,36707.53805592553,INDOFLOODS-gauge-609,61235.0,60.14851955,101.4890554,115.18600320000002,119.8015329,121.5961947,130.7923004,152.9033351,172.1412093,199.6147112,209.7476772,6,652978.75,360519.0625,45779.27344,709,363727.9375,1386936.375,1.811218381,0.346031457,0.001949259,4.56e-11,0.299065053,2.889910698,0.000589789,0.000162396,1.841591597,1.795239449,0.470806569,653,1.79e-08,0.000110029,2.9e-12,0.115138814,653,131.0,26.0,5.0,2.0,4002863.25,1515386.25,1033265.75,553823.0,298078.4688,6129.958984,11567.83398,39740.99219,110764.6016,149039.2344,0.378575563,0.681849778,0.535992801,0.53821975,4.984732628,5.038461685,5.199999809,2.5,27.012097,12.751571,43.95668,433.104957,42.526591,13.500833,29.025758,27.083481,23.302511,33.01995,21.912666,1040.812299,298.022678,5.374324,126.736955,751.94301,20.593607,195.406532,25.284847,Tropical,173963745.9,126515712.6,86965740.3,59412678.01,50890268.77,35842360.61,6878.021038,8946.185783,5013.548854,3654.75577,3463.016029,2727.1071,1.839401,333.211909,3.996364187,0.709488352,0.763311661,0.655665179,0.604288421,0.56269768,0.523553486,10630370.0,231.063832,Cropland,Vertisols,Basic volcanic rocks,19.81,79.38,Godavari,Maharashtra,46020.0,45779.27344,0.5230911779999999,2006,8,218,Monsoon,Underprediction,True,True
881.4,35931.99589968319,-35050.59589968319,35050.59589968319,INDOFLOODS-gauge-560,881.4,34.61094346,40.35172487,40.40496035,40.530019,40.86503031,43.74405447,46.34124643,46.67571526,46.85234654,51.76833628,4,287671.5938,210795.125,8926.981445,864,216449.8594,626385.3125,1.364697576,0.190541685,0.003991687,1.73e-10,0.285911322,5.248195171,0.000237873,0.000160364,1.883477688,1.329044938,0.459256619,114,1.67e-08,0.000104082,2.68e-12,0.138554722,114,31.0,3.0,1.0,,718563.125,409152.3438,166609.1094,137244.1719,,6303.185547,13198.46289,55536.37109,137244.1719,,0.56940347,0.407205552,0.823749483,,3.677419424,10.33333302,3.0,,25.764242,12.706328,43.970409,434.982051,41.034291,12.15149,28.882801,25.557879,27.119344,31.848086,20.673906,1161.852684,341.936511,4.8136,134.29491,909.864179,20.640905,154.941463,35.193297,Tropical,44813907.59,32768307.86,23097431.35,17567820.39,17089937.72,14689976.67,4357.184359,5667.35392,3211.973055,2508.637112,2400.457416,1991.414495,0.41015,241.061947,2.435288712,0.55621633,0.598412105,0.514020656,0.473742904,0.441137102,0.410449309,1178748.0,130.395429,No dominant class,Vertisols,Basic volcanic rocks,21.2994,76.235,Tapi,Madhya Pradesh,8487.0,8926.981445,5.184181042,1985,9,266,Monsoon,Overprediction,False,False
56240.0,23412.231155392168,32827.76884460783,32827.76884460783,INDOFLOODS-gauge-609,56240.0,56.46795661,105.7689912,137.9135134,159.4842403,167.63021830000002,170.44928080000005,200.2695325,226.9274023,238.4365493,253.4284278,6,652978.75,360519.0625,45779.27344,709,363727.9375,1386936.375,1.811218381,0.346031457,0.001949259,4.56e-11,0.299065053,2.889910698,0.000589789,0.000162396,1.841591597,1.795239449,0.470806569,653,1.79e-08,0.000110029,2.9e-12,0.115138814,653,131.0,26.0,5.0,2.0,4002863.25,1515386.25,1033265.75,553823.0,298078.4688,6129.958984,11567.83398,39740.99219,110764.6016,149039.2344,0.378575563,0.681849778,0.535992801,0.53821975,4.984732628,5.038461685,5.199999809,2.5,27.012097,12.751571,43.95668,433.104957,42.526591,13.500833,29.025758,27.083481,23.302511,33.01995,21.912666,1040.812299,298.022678,5.374324,126.736955,751.94301,20.593607,195.406532,25.284847,Tropical,173963745.9,126515712.6,86965740.3,59412678.01,50890268.77,35842360.61,6878.021038,8946.185783,5013.548854,3654.75577,3463.016029,2727.1071,1.839401,333.211909,3.996364187,0.709488352,0.763311661,0.655665179,0.604288421,0.56269768,0.523553486,10630370.0,231.063832,Cropland,Vertisols,Basic volcanic rocks,19.81,79.38,Godavari,Maharashtra,46020.0,45779.27344,0.5230911779999999,1970,8,232,Monsoon,Underprediction,True,True
43394.3,10909.749295306405,32484.5507046936,32484.5507046936,INDOFLOODS-gauge-560,43394.3,11.55908772,18.59078946,27.88558957,34.25407979,52.37655758,62.15244326,63.97240758,64.78259134,67.49970947,68.91108193,4,287671.5938,210795.125,8926.981445,864,216449.8594,626385.3125,1.364697576,0.190541685,0.003991687,1.73e-10,0.285911322,5.248195171,0.000237873,0.000160364,1.883477688,1.329044938,0.459256619,114,1.67e-08,0.000104082,2.68e-12,0.138554722,114,31.0,3.0,1.0,,718563.125,409152.3438,166609.1094,137244.1719,,6303.185547,13198.46289,55536.37109,137244.1719,,0.56940347,0.407205552,0.823749483,,3.677419424,10.33333302,3.0,,25.764242,12.706328,43.970409,434.982051,41.034291,12.15149,28.882801,25.557879,27.119344,31.848086,20.673906,1161.852684,341.936511,4.8136,134.29491,909.864179,20.640905,154.941463,35.193297,Tropical,44813907.59,32768307.86,23097431.35,17567820.39,17089937.72,14689976.67,4357.184359,5667.35392,3211.973055,2508.637112,2400.457416,1991.414495,0.41015,241.061947,2.435288712,0.55621633,0.598412105,0.514020656,0.473742904,0.441137102,0.410449309,1178748.0,130.395429,No dominant class,Vertisols,Basic volcanic rocks,21.2994,76.235,Tapi,Madhya Pradesh,8487.0,8926.981445,5.184181042,1990,8,225,Monsoon,Underprediction,True,True
71.0,29295.43436927449,-29224.43436927449,29224.43436927449,INDOFLOODS-gauge-879,71.0,36.28622204,39.30583508,39.72499425,40.37471824,40.57145358,42.24157268,42.2531919,43.69468308,45.12831284,49.90819357,4,136093.9844,100289.8203,3174.086914,771,104415.25,320455.3125,1.357006907,0.291132689,0.007383979,6.03e-10,0.388412982,3.434859991,0.000174751,0.000162354,1.615955114,1.303391814,0.424689442,43,1.76e-08,0.000108669,2.86e-12,0.125174597,43,10.0,2.0,1.0,,272567.8125,110561.6875,46593.15234,85601.67188,,6338.786133,11056.16895,23296.57617,85601.67188,,0.405630022,0.421422213,1.837215662,,4.300000191,5.0,2.0,,24.626041,10.93139,55.752261,246.037634,34.665034,15.054429,19.610604,24.592322,23.624462,27.635678,21.365043,661.776446,147.776446,2.198541,86.813325,359.560969,9.726681,133.708442,80.609693,Arid,250606594.7,181825274.7,125378795.2,86585794.56,61664408.06,45502815.06,5166.706172,6720.292667,3752.487583,2789.268294,2164.980783,1757.277556,7.844502,303.0,24.41016334,0.63973078,0.688262125,0.591199505,0.54487417,0.507372695,0.472077218,1157142.0,361.003801,Cropland,Lixisols,Acid plutonic rocks,12.6842,78.5394,East flowing rivers between Pennar Kanyakumari,Tamil Nadu,3300.0,3174.086914,3.815548061,1996,9,269,Monsoon,Overprediction,False,False
565.2,29065.48628523117,-28500.286285231177,28500.286285231177,INDOFLOODS-gauge-879,565.2,48.04314039,51.78091336,51.91604985,51.93671665,52.14864018,52.25523587,53.11146532,53.42671914,53.54581771,53.72874075,4,136093.9844,100289.8203,3174.086914,771,104415.25,320455.3125,1.357006907,0.291132689,0.007383979,6.03e-10,0.388412982,3.434859991,0.000174751,0.000162354,1.615955114,1.303391814,0.424689442,43,1.76e-08,0.000108669,2.86e-12,0.125174597,43,10.0,2.0,1.0,,272567.8125,110561.6875,46593.15234,85601.67188,,6338.786133,11056.16895,23296.57617,85601.67188,,0.405630022,0.421422213,1.837215662,,4.300000191,5.0,2.0,,24.626041,10.93139,55.752261,246.037634,34.665034,15.054429,19.610604,24.592322,23.624462,27.635678,21.365043,661.776446,147.776446,2.198541,86.813325,359.560969,9.726681,133.708442,80.609693,Arid,250606594.7,181825274.7,125378795.2,86585794.56,61664408.06,45502815.06,5166.706172,6720.292667,3752.487583,2789.268294,2164.980783,1757.277556,7.844502,303.0,24.41016334,0.63973078,0.688262125,0.591199505,0.54487417,0.507372695,0.472077218,1157142.0,361.003801,Cropland,Lixisols,Acid plutonic rocks,12.6842,78.5394,East flowing rivers between Pennar Kanyakumari,Tamil Nadu,3300.0,3174.086914,3.815548061,1991,11,320,Post-Monsoon,Overprediction,False,False
47880.71,19541.31169837308,28339.398301626923,28339.398301626923,INDOFLOODS-gauge-609,47880.71,30.52991299,99.14821101,133.2897896,141.8154602,191.892349,221.868255,234.683605,238.09803080000003,244.9126759,248.9480466,6,652978.75,360519.0625,45779.27344,709,363727.9375,1386936.375,1.811218381,0.346031457,0.001949259,4.56e-11,0.299065053,2.889910698,0.000589789,0.000162396,1.841591597,1.795239449,0.470806569,653,1.79e-08,0.000110029,2.9e-12,0.115138814,653,131.0,26.0,5.0,2.0,4002863.25,1515386.25,1033265.75,553823.0,298078.4688,6129.958984,11567.83398,39740.99219,110764.6016,149039.2344,0.378575563,0.681849778,0.535992801,0.53821975,4.984732628,5.038461685,5.199999809,2.5,27.012097,12.751571,43.95668,433.104957,42.526591,13.500833,29.025758,27.083481,23.302511,33.01995,21.912666,1040.812299,298.022678,5.374324,126.736955,751.94301,20.593607,195.406532,25.284847,Tropical,173963745.9,126515712.6,86965740.3,59412678.01,50890268.77,35842360.61,6878.021038,8946.185783,5013.548854,3654.75577,3463.016029,2727.1071,1.839401,333.211909,3.996364187,0.709488352,0.763311661,0.655665179,0.604288421,0.56269768,0.523553486,10630370.0,231.063832,Cropland,Vertisols,Basic volcanic rocks,19.81,79.38,Godavari,Maharashtra,46020.0,45779.27344,0.5230911779999999,2013,7,198,Monsoon,Underprediction,True,True
41114.0,13421.46091918588,27692.53908081412,27692.53908081412,INDOFLOODS-gauge-560,41114.0,101.6105021,121.4691678,125.3366125,127.511315,146.21780719999995,160.8562385,165.9664429,168.5426256,180.3501774,183.6762955,4,287671.5938,210795.125,8926.981445,864,216449.8594,626385.3125,1.364697576,0.190541685,0.003991687,1.73e-10,0.285911322,5.248195171,0.000237873,0.000160364,1.883477688,1.329044938,0.459256619,114,1.67e-08,0.000104082,2.68e-12,0.138554722,114,31.0,3.0,1.0,,718563.125,409152.3438,166609.1094,137244.1719,,6303.185547,13198.46289,55536.37109,137244.1719,,0.56940347,0.407205552,0.823749483,,3.677419424,10.33333302,3.0,,25.764242,12.706328,43.970409,434.982051,41.034291,12.15149,28.882801,25.557879,27.119344,31.848086,20.673906,1161.852684,341.936511,4.8136,134.29491,909.864179,20.640905,154.941463,35.193297,Tropical,44813907.59,32768307.86,23097431.35,17567820.39,17089937.72,14689976.67,4357.184359,5667.35392,3211.973055,2508.637112,2400.457416,1991.414495,0.41015,241.061947,2.435288712,0.55621633,0.598412105,0.514020656,0.473742904,0.441137102,0.410449309,1178748.0,130.395429,No dominant class,Vertisols,Basic volcanic rocks,21.2994,76.235,Tapi,Madhya Pradesh,8487.0,8926.981445,5.184181042,1998,9,257,Monsoon,Underprediction,True,True
25833.91,-1435.706499211198,27269.6164992112,27269.6164992112,INDOFLOODS-gauge-372,25833.91,16.80053564,39.16157207,81.76521664,101.8405266,108.001047,109.3582761,109.49388229999998,109.6924084,114.8826404,166.37590980000004,3,44966.71875,35876.44141,689.8464355,1791,39174.71094,127866.6563,1.253377318,0.449511528,0.045718271,3.45e-09,0.53020972,2.224637032,0.000101668,0.000154559,1.38309598,1.147850633,0.351668835,9,1.88e-08,0.000121926,2.91e-12,0.276815414,9,3.0,1.0,,,54134.05469,24653.87109,27834.14453,,,6014.89502,8217.957031,27834.14453,,,0.45542258,1.128996968,,,3.0,3.0,,,26.281306,8.736721,60.246968,139.019763,33.821238,19.318689,14.502549,25.218912,26.39106,28.438734,25.115817,4578.466019,1592.430825,1.004854,136.432145,3570.964806,9.071602,258.260922,3028.925971,Tropical,112692567.8,81829545.4,57905251.1,39663447.7,28282653.55,20847393.55,5101.6587,6635.686,3835.7205,2808.6616,2185.2522,1772.2565,0.874983,206.5,16.63157895,0.65422714,0.7038582,0.60459614,0.55722106,0.5188698,0.48277453,223113.4547,322.538945,Mosaic vegetation,Acrisols,No dominant class,12.9303,74.9531,West flowing rivers from Tadri to Kanyakumari,Karnataka,688.0,689.8464355000001,0.268377253,2004,5,140,Pre-Monsoon,Underprediction,True,True
40843.99,14216.689486019384,26627.30051398061,26627.30051398061,INDOFLOODS-gauge-560,40843.99,42.58319768,58.86188413,65.83735315,68.22597559,73.82823622,75.42501120000001,79.19079551,81.54321908,98.49026491,216.1601587,4,287671.5938,210795.125,8926.981445,864,216449.8594,626385.3125,1.364697576,0.190541685,0.003991687,1.73e-10,0.285911322,5.248195171,0.000237873,0.000160364,1.883477688,1.329044938,0.459256619,114,1.67e-08,0.000104082,2.68e-12,0.138554722,114,31.0,3.0,1.0,,718563.125,409152.3438,166609.1094,137244.1719,,6303.185547,13198.46289,55536.37109,137244.1719,,0.56940347,0.407205552,0.823749483,,3.677419424,10.33333302,3.0,,25.764242,12.706328,43.970409,434.982051,41.034291,12.15149,28.882801,25.557879,27.119344,31.848086,20.673906,1161.852684,341.936511,4.8136,134.29491,909.864179,20.640905,154.941463,35.193297,Tropical,44813907.59,32768307.86,23097431.35,17567820.39,17089937.72,14689976.67,4357.184359,5667.35392,3211.973055,2508.637112,2400.457416,1991.414495,0.41015,241.061947,2.435288712,0.55621633,0.598412105,0.514020656,0.473742904,0.441137102,0.410449309,1178748.0,130.395429,No dominant class,Vertisols,Basic volcanic rocks,21.2994,76.235,Tapi,Madhya Pradesh,8487.0,8926.981445,5.184181042,2013,7,194,Monsoon,Underprediction,True,True
34030.0,7882.832012120771,26147.167987879227,26147.167987879227,INDOFLOODS-gauge-643,34030.0,83.95578723,191.9667538,232.7865389,273.85569,292.3541282,307.3746351000001,321.305658,347.8348028,372.4016549,389.7617361,3,127724.7422,87262.79688,2428.131836,458,89340.92969,307853.4688,1.463679194,0.304208487,0.00512643,8.05e-10,0.321954161,3.287219286,8.12e-05,0.000151348,1.774921536,1.429633021,0.414888114,21,1.03e-08,6.8e-05,1.56e-12,0.069317497,21,3.0,1.0,,,182875.6406,112390.0703,72227.78125,,,8708.364258,37463.35547,72227.78125,,,0.614571035,0.64265269,,,7.0,3.0,,,24.15135,10.871689,54.394201,202.386351,34.497085,14.513735,19.98335,23.420391,23.831212,27.133015,22.223964,1922.841206,765.146064,0.459966,134.482891,1468.086432,8.835511,109.594975,55.556784,Tropical,609700604.5,436997832.5,294046659.2,195443466.8,164090733.7,111584646.5,7055.1577,9176.586,5155.1304,3743.8674,3565.661,2801.1133,9.785614,490.242424,27.38372093,0.72103643,0.7757358,0.6663372,0.6141242,0.5718565,0.53207517,1623644.0,662.643908,No dominant class,No dominant class,Basic volcanic rocks,16.6753,74.5736,Krishna,Maharashtra,2425.0,2428.131836,0.129147876,1994,7,194,Monsoon,Underprediction,True,True
38342.3,12470.819956189249,25871.48004381076,25871.48004381076,INDOFLOODS-gauge-560,38342.3,17.76465427,67.43109695,90.61636031,93.43559002,97.2659488,99.68341337,102.74675340000002,108.5296014,118.9398295,130.3071947,4,287671.5938,210795.125,8926.981445,864,216449.8594,626385.3125,1.364697576,0.190541685,0.003991687,1.73e-10,0.285911322,5.248195171,0.000237873,0.000160364,1.883477688,1.329044938,0.459256619,114,1.67e-08,0.000104082,2.68e-12,0.138554722,114,31.0,3.0,1.0,,718563.125,409152.3438,166609.1094,137244.1719,,6303.185547,13198.46289,55536.37109,137244.1719,,0.56940347,0.407205552,0.823749483,,3.677419424,10.33333302,3.0,,25.764242,12.706328,43.970409,434.982051,41.034291,12.15149,28.882801,25.557879,27.119344,31.848086,20.673906,1161.852684,341.936511,4.8136,134.29491,909.864179,20.640905,154.941463,35.193297,Tropical,44813907.59,32768307.86,23097431.35,17567820.39,17089937.72,14689976.67,4357.184359,5667.35392,3211.973055,2508.637112,2400.457416,1991.414495,0.41015,241.061947,2.435288712,0.55621633,0.598412105,0.514020656,0.473742904,0.441137102,0.410449309,1178748.0,130.395429,No dominant class,Vertisols,Basic volcanic rocks,21.2994,76.235,Tapi,Madhya Pradesh,8487.0,8926.981445,5.184181042,1973,8,234,Monsoon,Underprediction,True,True
27383.2,2810.1920711787147,24573.007928821287,24573.007928821287,INDOFLOODS-gauge-349,27383.2,80.644264,141.4061323,171.12725859999995,195.8640664,219.8674547,250.8678794,284.2442629,316.0001996000001,386.3650361,441.6178801,3,57956.10156,18712.64453,1027.7146,658,37357.28906,150432.3906,3.097162485,0.736413658,0.017613698,2.96e-09,0.570689201,1.357932448,0.000152893,0.000149937,1.333141804,1.551400065,0.385263443,17,2.24e-08,0.000149261,3.36e-12,0.098658815,17,5.0,1.0,,,70326.61719,46419.76953,37346.47656,,,4136.859863,9283.954102,37346.47656,,,0.66005975,0.80453819,,,3.400000095,5.0,,,24.2457,8.909653,56.442748,147.800259,32.19992,16.40192,15.798,23.524947,24.019813,26.495467,23.015893,3792.6632,1555.756,0.012,154.162354,3152.2968,4.0176,145.1616,91.9704,Tropical,64024952.5,46498654.58,32918035.58,22561370.92,16100180.33,11878589.54,5101.6587,6635.686,3835.7205,2808.6616,2185.2522,1772.2565,0.269804,302.416667,0.559440559,0.65422714,0.7038582,0.60459614,0.55722106,0.5188698,0.48277453,149588.8331,143.613437,Mosaic vegetation,Cambisols,No dominant class,14.4344,74.5861,West flowing rivers from Tadri to Kanyakumari,Karnataka,1090.0,1027.7146,5.714256881,1994,7,192,Monsoon,Underprediction,True,True
35369.24,10977.270902200044,24391.96909779996,24391.96909779996,INDOFLOODS-gauge-560,35369.24,20.73051375,29.67267695,41.55747183,59.40092867,77.58700471,92.34859741,104.0688187,119.0768418,122.4940961,137.23071940000003,4,287671.5938,210795.125,8926.981445,864,216449.8594,626385.3125,1.364697576,0.190541685,0.003991687,1.73e-10,0.285911322,5.248195171,0.000237873,0.000160364,1.883477688,1.329044938,0.459256619,114,1.67e-08,0.000104082,2.68e-12,0.138554722,114,31.0,3.0,1.0,,718563.125,409152.3438,166609.1094,137244.1719,,6303.185547,13198.46289,55536.37109,137244.1719,,0.56940347,0.407205552,0.823749483,,3.677419424,10.33333302,3.0,,25.764242,12.706328,43.970409,434.982051,41.034291,12.15149,28.882801,25.557879,27.119344,31.848086,20.673906,1161.852684,341.936511,4.8136,134.29491,909.864179,20.640905,154.941463,35.193297,Tropical,44813907.59,32768307.86,23097431.35,17567820.39,17089937.72,14689976.67,4357.184359,5667.35392,3211.973055,2508.637112,2400.457416,1991.414495,0.41015,241.061947,2.435288712,0.55621633,0.598412105,0.514020656,0.473742904,0.441137102,0.410449309,1178748.0,130.395429,No dominant class,Vertisols,Basic volcanic rocks,21.2994,76.235,Tapi,Madhya Pradesh,8487.0,8926.981445,5.184181042,1979,8,215,Monsoon,Underprediction,True,True
31485.0,7995.82664458719,23489.17335541281,23489.17335541281,INDOFLOODS-gauge-643,31485.0,51.8361815,94.45168262,144.83234480000004,206.6822402,220.0800701,225.7978202,229.3278115,232.5217029,235.4473667,240.15127830000003,3,127724.7422,87262.79688,2428.131836,458,89340.92969,307853.4688,1.463679194,0.304208487,0.00512643,8.05e-10,0.321954161,3.287219286,8.12e-05,0.000151348,1.774921536,1.429633021,0.414888114,21,1.03e-08,6.8e-05,1.56e-12,0.069317497,21,3.0,1.0,,,182875.6406,112390.0703,72227.78125,,,8708.364258,37463.35547,72227.78125,,,0.614571035,0.64265269,,,7.0,3.0,,,24.15135,10.871689,54.394201,202.386351,34.497085,14.513735,19.98335,23.420391,23.831212,27.133015,22.223964,1922.841206,765.146064,0.459966,134.482891,1468.086432,8.835511,109.594975,55.556784,Tropical,609700604.5,436997832.5,294046659.2,195443466.8,164090733.7,111584646.5,7055.1577,9176.586,5155.1304,3743.8674,3565.661,2801.1133,9.785614,490.242424,27.38372093,0.72103643,0.7757358,0.6663372,0.6141242,0.5718565,0.53207517,1623644.0,662.643908,No dominant class,No dominant class,Basic volcanic rocks,16.6753,74.5736,Krishna,Maharashtra,2425.0,2428.131836,0.129147876,1997,7,211,Monsoon,Underprediction,True,True
24949.9,2308.6833324768486,22641.21666752316,22641.21666752316,INDOFLOODS-gauge-349,24949.9,39.26515825,60.943824,85.08532613,105.2945222,192.6532235,208.9693216,252.5528473,294.8300456,301.5042422,316.3250398,3,57956.10156,18712.64453,1027.7146,658,37357.28906,150432.3906,3.097162485,0.736413658,0.017613698,2.96e-09,0.570689201,1.357932448,0.000152893,0.000149937,1.333141804,1.551400065,0.385263443,17,2.24e-08,0.000149261,3.36e-12,0.098658815,17,5.0,1.0,,,70326.61719,46419.76953,37346.47656,,,4136.859863,9283.954102,37346.47656,,,0.66005975,0.80453819,,,3.400000095,5.0,,,24.2457,8.909653,56.442748,147.800259,32.19992,16.40192,15.798,23.524947,24.019813,26.495467,23.015893,3792.6632,1555.756,0.012,154.162354,3152.2968,4.0176,145.1616,91.9704,Tropical,64024952.5,46498654.58,32918035.58,22561370.92,16100180.33,11878589.54,5101.6587,6635.686,3835.7205,2808.6616,2185.2522,1772.2565,0.269804,302.416667,0.559440559,0.65422714,0.7038582,0.60459614,0.55722106,0.5188698,0.48277453,149588.8331,143.613437,Mosaic vegetation,Cambisols,No dominant class,14.4344,74.5861,West flowing rivers from Tadri to Kanyakumari,Karnataka,1090.0,1027.7146,5.714256881,1999,7,195,Monsoon,Underprediction,True,True
32096.0,9593.738573243523,22502.26142675648,22502.26142675648,INDOFLOODS-gauge-560,32096.0,10.24454117,20.67335157,21.71315004,22.22924943,22.6804195,25.55380099,76.56638995,177.6327966,208.4997249,215.3337748,4,287671.5938,210795.125,8926.981445,864,216449.8594,626385.3125,1.364697576,0.190541685,0.003991687,1.73e-10,0.285911322,5.248195171,0.000237873,0.000160364,1.883477688,1.329044938,0.459256619,114,1.67e-08,0.000104082,2.68e-12,0.138554722,114,31.0,3.0,1.0,,718563.125,409152.3438,166609.1094,137244.1719,,6303.185547,13198.46289,55536.37109,137244.1719,,0.56940347,0.407205552,0.823749483,,3.677419424,10.33333302,3.0,,25.764242,12.706328,43.970409,434.982051,41.034291,12.15149,28.882801,25.557879,27.119344,31.848086,20.673906,1161.852684,341.936511,4.8136,134.29491,909.864179,20.640905,154.941463,35.193297,Tropical,44813907.59,32768307.86,23097431.35,17567820.39,17089937.72,14689976.67,4357.184359,5667.35392,3211.973055,2508.637112,2400.457416,1991.414495,0.41015,241.061947,2.435288712,0.55621633,0.598412105,0.514020656,0.473742904,0.441137102,0.410449309,1178748.0,130.395429,No dominant class,Vertisols,Basic volcanic rocks,21.2994,76.235,Tapi,Madhya Pradesh,8487.0,8926.981445,5.184181042,2012,8,241,Monsoon,Underprediction,True,True
39400.0,17299.722051695353,22100.277948304647,22100.277948304647,INDOFLOODS-gauge-609,39400.0,39.57689664,70.73324637,91.31383912,117.00052990000002,123.5614414,133.9384886,157.94206830000005,166.88502230000003,174.8941899,186.1061738,6,652978.75,360519.0625,45779.27344,709,363727.9375,1386936.375,1.811218381,0.346031457,0.001949259,4.56e-11,0.299065053,2.889910698,0.000589789,0.000162396,1.841591597,1.795239449,0.470806569,653,1.79e-08,0.000110029,2.9e-12,0.115138814,653,131.0,26.0,5.0,2.0,4002863.25,1515386.25,1033265.75,553823.0,298078.4688,6129.958984,11567.83398,39740.99219,110764.6016,149039.2344,0.378575563,0.681849778,0.535992801,0.53821975,4.984732628,5.038461685,5.199999809,2.5,27.012097,12.751571,43.95668,433.104957,42.526591,13.500833,29.025758,27.083481,23.302511,33.01995,21.912666,1040.812299,298.022678,5.374324,126.736955,751.94301,20.593607,195.406532,25.284847,Tropical,173963745.9,126515712.6,86965740.3,59412678.01,50890268.77,35842360.61,6878.021038,8946.185783,5013.548854,3654.75577,3463.016029,2727.1071,1.839401,333.211909,3.996364187,0.709488352,0.763311661,0.655665179,0.604288421,0.56269768,0.523553486,10630370.0,231.063832,Cropland,Vertisols,Basic volcanic rocks,19.81,79.38,Godavari,Maharashtra,46020.0,45779.27344,0.5230911779999999,1976,9,247,Monsoon,Underprediction,True,True
45640.84,24344.24776106809,21296.5922389319,21296.5922389319,INDOFLOODS-gauge-609,45640.84,64.89823634,93.2361008,99.52953425,106.1716471,113.6537885,139.5147019,162.3545754,174.3781516,227.9735272,260.7219269,6,652978.75,360519.0625,45779.27344,709,363727.9375,1386936.375,1.811218381,0.346031457,0.001949259,4.56e-11,0.299065053,2.889910698,0.000589789,0.000162396,1.841591597,1.795239449,0.470806569,653,1.79e-08,0.000110029,2.9e-12,0.115138814,653,131.0,26.0,5.0,2.0,4002863.25,1515386.25,1033265.75,553823.0,298078.4688,6129.958984,11567.83398,39740.99219,110764.6016,149039.2344,0.378575563,0.681849778,0.535992801,0.53821975,4.984732628,5.038461685,5.199999809,2.5,27.012097,12.751571,43.95668,433.104957,42.526591,13.500833,29.025758,27.083481,23.302511,33.01995,21.912666,1040.812299,298.022678,5.374324,126.736955,751.94301,20.593607,195.406532,25.284847,Tropical,173963745.9,126515712.6,86965740.3,59412678.01,50890268.77,35842360.61,6878.021038,8946.185783,5013.548854,3654.75577,3463.016029,2727.1071,1.839401,333.211909,3.996364187,0.709488352,0.763311661,0.655665179,0.604288421,0.56269768,0.523553486,10630370.0,231.063832,Cropland,Vertisols,Basic volcanic rocks,19.81,79.38,Godavari,Maharashtra,46020.0,45779.27344,0.5230911779999999,2013,8,213,Monsoon,Underprediction,True,True
2301.33,21771.10948553295,-19469.77948553295,19469.77948553295,INDOFLOODS-gauge-560,2301.33,29.63373727,45.035113,46.7424285,50.36176891,54.39035135,57.81350772,64.36193947,71.44289049,84.59323951,88.04738613,4,287671.5938,210795.125,8926.981445,864,216449.8594,626385.3125,1.364697576,0.190541685,0.003991687,1.73e-10,0.285911322,5.248195171,0.000237873,0.000160364,1.883477688,1.329044938,0.459256619,114,1.67e-08,0.000104082,2.68e-12,0.138554722,114,31.0,3.0,1.0,,718563.125,409152.3438,166609.1094,137244.1719,,6303.185547,13198.46289,55536.37109,137244.1719,,0.56940347,0.407205552,0.823749483,,3.677419424,10.33333302,3.0,,25.764242,12.706328,43.970409,434.982051,41.034291,12.15149,28.882801,25.557879,27.119344,31.848086,20.673906,1161.852684,341.936511,4.8136,134.29491,909.864179,20.640905,154.941463,35.193297,Tropical,44813907.59,32768307.86,23097431.35,17567820.39,17089937.72,14689976.67,4357.184359,5667.35392,3211.973055,2508.637112,2400.457416,1991.414495,0.41015,241.061947,2.435288712,0.55621633,0.598412105,0.514020656,0.473742904,0.441137102,0.410449309,1178748.0,130.395429,No dominant class,Vertisols,Basic volcanic rocks,21.2994,76.235,Tapi,Madhya Pradesh,8487.0,8926.981445,5.184181042,2018,8,229,Monsoon,Overprediction,False,False
35303.81,15882.30319152474,19421.506808475257,19421.506808475257,INDOFLOODS-gauge-560,35303.81,84.86487059,94.02080849,101.7097061,107.4262899,117.8762503,127.8938707,198.83265580000003,272.3921944,283.1056747,301.1279691000001,4,287671.5938,210795.125,8926.981445,864,216449.8594,626385.3125,1.364697576,0.190541685,0.003991687,1.73e-10,0.285911322,5.248195171,0.000237873,0.000160364,1.883477688,1.329044938,0.459256619,114,1.67e-08,0.000104082,2.68e-12,0.138554722,114,31.0,3.0,1.0,,718563.125,409152.3438,166609.1094,137244.1719,,6303.185547,13198.46289,55536.37109,137244.1719,,0.56940347,0.407205552,0.823749483,,3.677419424,10.33333302,3.0,,25.764242,12.706328,43.970409,434.982051,41.034291,12.15149,28.882801,25.557879,27.119344,31.848086,20.673906,1161.852684,341.936511,4.8136,134.29491,909.864179,20.640905,154.941463,35.193297,Tropical,44813907.59,32768307.86,23097431.35,17567820.39,17089937.72,14689976.67,4357.184359,5667.35392,3211.973055,2508.637112,2400.457416,1991.414495,0.41015,241.061947,2.435288712,0.55621633,0.598412105,0.514020656,0.473742904,0.441137102,0.410449309,1178748.0,130.395429,No dominant class,Vertisols,Basic volcanic rocks,21.2994,76.235,Tapi,Madhya Pradesh,8487.0,8926.981445,5.184181042,2007,7,189,Monsoon,Underprediction,True,True
35840.0,17256.3538172095,18583.6461827905,18583.6461827905,INDOFLOODS-gauge-609,35840.0,10.42270198,29.97416158,38.48092878,45.95424881,53.69680304,116.9397788,226.78920750000003,256.7542067,271.6972284,281.88500810000005,6,652978.75,360519.0625,45779.27344,709,363727.9375,1386936.375,1.811218381,0.346031457,0.001949259,4.56e-11,0.299065053,2.889910698,0.000589789,0.000162396,1.841591597,1.795239449,0.470806569,653,1.79e-08,0.000110029,2.9e-12,0.115138814,653,131.0,26.0,5.0,2.0,4002863.25,1515386.25,1033265.75,553823.0,298078.4688,6129.958984,11567.83398,39740.99219,110764.6016,149039.2344,0.378575563,0.681849778,0.535992801,0.53821975,4.984732628,5.038461685,5.199999809,2.5,27.012097,12.751571,43.95668,433.104957,42.526591,13.500833,29.025758,27.083481,23.302511,33.01995,21.912666,1040.812299,298.022678,5.374324,126.736955,751.94301,20.593607,195.406532,25.284847,Tropical,173963745.9,126515712.6,86965740.3,59412678.01,50890268.77,35842360.61,6878.021038,8946.185783,5013.548854,3654.75577,3463.016029,2727.1071,1.839401,333.211909,3.996364187,0.709488352,0.763311661,0.655665179,0.604288421,0.56269768,0.523553486,10630370.0,231.063832,Cropland,Vertisols,Basic volcanic rocks,19.81,79.38,Godavari,Maharashtra,46020.0,45779.27344,0.5230911779999999,2000,7,201,Monsoon,Underprediction,True,True
26318.27,7745.968907460591,18572.30109253941,18572.30109253941,INDOFLOODS-gauge-643,26318.27,75.58615019999998,150.14439199999995,212.6910432,251.6369123,297.6590486,341.1462408000001,360.9612744,380.5752395,421.1809347,486.9478366,3,127724.7422,87262.79688,2428.131836,458,89340.92969,307853.4688,1.463679194,0.304208487,0.00512643,8.05e-10,0.321954161,3.287219286,8.12e-05,0.000151348,1.774921536,1.429633021,0.414888114,21,1.03e-08,6.8e-05,1.56e-12,0.069317497,21,3.0,1.0,,,182875.6406,112390.0703,72227.78125,,,8708.364258,37463.35547,72227.78125,,,0.614571035,0.64265269,,,7.0,3.0,,,24.15135,10.871689,54.394201,202.386351,34.497085,14.513735,19.98335,23.420391,23.831212,27.133015,22.223964,1922.841206,765.146064,0.459966,134.482891,1468.086432,8.835511,109.594975,55.556784,Tropical,609700604.5,436997832.5,294046659.2,195443466.8,164090733.7,111584646.5,7055.1577,9176.586,5155.1304,3743.8674,3565.661,2801.1133,9.785614,490.242424,27.38372093,0.72103643,0.7757358,0.6663372,0.6141242,0.5718565,0.53207517,1623644.0,662.643908,No dominant class,No dominant class,Basic volcanic rocks,16.6753,74.5736,Krishna,Maharashtra,2425.0,2428.131836,0.129147876,2013,7,203,Monsoon,Underprediction,True,True
1130.48,19115.25957173264,-17984.779571732637,17984.779571732637,INDOFLOODS-gauge-560,1130.48,16.20658388,21.80007597,22.73547787,24.36232832,28.11205463,33.79538312,55.84805559,67.00176426,71.84140327,72.32306371,4,287671.5938,210795.125,8926.981445,864,216449.8594,626385.3125,1.364697576,0.190541685,0.003991687,1.73e-10,0.285911322,5.248195171,0.000237873,0.000160364,1.883477688,1.329044938,0.459256619,114,1.67e-08,0.000104082,2.68e-12,0.138554722,114,31.0,3.0,1.0,,718563.125,409152.3438,166609.1094,137244.1719,,6303.185547,13198.46289,55536.37109,137244.1719,,0.56940347,0.407205552,0.823749483,,3.677419424,10.33333302,3.0,,25.764242,12.706328,43.970409,434.982051,41.034291,12.15149,28.882801,25.557879,27.119344,31.848086,20.673906,1161.852684,341.936511,4.8136,134.29491,909.864179,20.640905,154.941463,35.193297,Tropical,44813907.59,32768307.86,23097431.35,17567820.39,17089937.72,14689976.67,4357.184359,5667.35392,3211.973055,2508.637112,2400.457416,1991.414495,0.41015,241.061947,2.435288712,0.55621633,0.598412105,0.514020656,0.473742904,0.441137102,0.410449309,1178748.0,130.395429,No dominant class,Vertisols,Basic volcanic rocks,21.2994,76.235,Tapi,Madhya Pradesh,8487.0,8926.981445,5.184181042,2017,8,238,Monsoon,Overprediction,False,False
47724.74,29782.562320280704,17942.177679719294,17942.177679719294,INDOFLOODS-gauge-609,47724.74,84.90154475,106.1144812,118.2054029,142.6904091,169.124178,188.5512722,246.48087400000003,268.87425160000004,273.6161572,284.7382306,6,652978.75,360519.0625,45779.27344,709,363727.9375,1386936.375,1.811218381,0.346031457,0.001949259,4.56e-11,0.299065053,2.889910698,0.000589789,0.000162396,1.841591597,1.795239449,0.470806569,653,1.79e-08,0.000110029,2.9e-12,0.115138814,653,131.0,26.0,5.0,2.0,4002863.25,1515386.25,1033265.75,553823.0,298078.4688,6129.958984,11567.83398,39740.99219,110764.6016,149039.2344,0.378575563,0.681849778,0.535992801,0.53821975,4.984732628,5.038461685,5.199999809,2.5,27.012097,12.751571,43.95668,433.104957,42.526591,13.500833,29.025758,27.083481,23.302511,33.01995,21.912666,1040.812299,298.022678,5.374324,126.736955,751.94301,20.593607,195.406532,25.284847,Tropical,173963745.9,126515712.6,86965740.3,59412678.01,50890268.77,35842360.61,6878.021038,8946.185783,5013.548854,3654.75577,3463.016029,2727.1071,1.839401,333.211909,3.996364187,0.709488352,0.763311661,0.655665179,0.604288421,0.56269768,0.523553486,10630370.0,231.063832,Cropland,Vertisols,Basic volcanic rocks,19.81,79.38,Godavari,Maharashtra,46020.0,45779.27344,0.5230911779999999,1994,9,249,Monsoon,Underprediction,True,True
20790.0,2850.580485307907,17939.419514692094,17939.419514692094,INDOFLOODS-gauge-349,20790.0,60.67720438,98.13301625,184.87316,245.871677,274.86873710000003,287.72224710000006,316.95363239999995,336.7721477,348.726101,363.1753496,3,57956.10156,18712.64453,1027.7146,658,37357.28906,150432.3906,3.097162485,0.736413658,0.017613698,2.96e-09,0.570689201,1.357932448,0.000152893,0.000149937,1.333141804,1.551400065,0.385263443,17,2.24e-08,0.000149261,3.36e-12,0.098658815,17,5.0,1.0,,,70326.61719,46419.76953,37346.47656,,,4136.859863,9283.954102,37346.47656,,,0.66005975,0.80453819,,,3.400000095,5.0,,,24.2457,8.909653,56.442748,147.800259,32.19992,16.40192,15.798,23.524947,24.019813,26.495467,23.015893,3792.6632,1555.756,0.012,154.162354,3152.2968,4.0176,145.1616,91.9704,Tropical,64024952.5,46498654.58,32918035.58,22561370.92,16100180.33,11878589.54,5101.6587,6635.686,3835.7205,2808.6616,2185.2522,1772.2565,0.269804,302.416667,0.559440559,0.65422714,0.7038582,0.60459614,0.55722106,0.5188698,0.48277453,149588.8331,143.613437,Mosaic vegetation,Cambisols,No dominant class,14.4344,74.5861,West flowing rivers from Tadri to Kanyakumari,Karnataka,1090.0,1027.7146,5.714256881,1988,7,198,Monsoon,Underprediction,True,False
1583.85,19486.46642247039,-17902.61642247039,17902.61642247039,INDOFLOODS-gauge-560,1583.85,12.56013819,18.98185971,27.70293711,31.23529876,35.99965789,48.93961126,65.75241495,83.06556915,100.7893863,105.864184,4,287671.5938,210795.125,8926.981445,864,216449.8594,626385.3125,1.364697576,0.190541685,0.003991687,1.73e-10,0.285911322,5.248195171,0.000237873,0.000160364,1.883477688,1.329044938,0.459256619,114,1.67e-08,0.000104082,2.68e-12,0.138554722,114,31.0,3.0,1.0,,718563.125,409152.3438,166609.1094,137244.1719,,6303.185547,13198.46289,55536.37109,137244.1719,,0.56940347,0.407205552,0.823749483,,3.677419424,10.33333302,3.0,,25.764242,12.706328,43.970409,434.982051,41.034291,12.15149,28.882801,25.557879,27.119344,31.848086,20.673906,1161.852684,341.936511,4.8136,134.29491,909.864179,20.640905,154.941463,35.193297,Tropical,44813907.59,32768307.86,23097431.35,17567820.39,17089937.72,14689976.67,4357.184359,5667.35392,3211.973055,2508.637112,2400.457416,1991.414495,0.41015,241.061947,2.435288712,0.55621633,0.598412105,0.514020656,0.473742904,0.441137102,0.410449309,1178748.0,130.395429,No dominant class,Vertisols,Basic volcanic rocks,21.2994,76.235,Tapi,Madhya Pradesh,8487.0,8926.981445,5.184181042,2017,7,209,Monsoon,Overprediction,False,False
1459.9,19096.447612531007,-17636.547612531005,17636.547612531005,INDOFLOODS-gauge-560,1459.9,37.72543359,136.12116909999995,136.14047649999998,136.31756719999998,136.6250929,136.9072007,136.9360824,137.20197109999998,137.2319895,137.5321954,4,287671.5938,210795.125,8926.981445,864,216449.8594,626385.3125,1.364697576,0.190541685,0.003991687,1.73e-10,0.285911322,5.248195171,0.000237873,0.000160364,1.883477688,1.329044938,0.459256619,114,1.67e-08,0.000104082,2.68e-12,0.138554722,114,31.0,3.0,1.0,,718563.125,409152.3438,166609.1094,137244.1719,,6303.185547,13198.46289,55536.37109,137244.1719,,0.56940347,0.407205552,0.823749483,,3.677419424,10.33333302,3.0,,25.764242,12.706328,43.970409,434.982051,41.034291,12.15149,28.882801,25.557879,27.119344,31.848086,20.673906,1161.852684,341.936511,4.8136,134.29491,909.864179,20.640905,154.941463,35.193297,Tropical,44813907.59,32768307.86,23097431.35,17567820.39,17089937.72,14689976.67,4357.184359,5667.35392,3211.973055,2508.637112,2400.457416,1991.414495,0.41015,241.061947,2.435288712,0.55621633,0.598412105,0.514020656,0.473742904,0.441137102,0.410449309,1178748.0,130.395429,No dominant class,Vertisols,Basic volcanic rocks,21.2994,76.235,Tapi,Madhya Pradesh,8487.0,8926.981445,5.184181042,2018,9,266,Monsoon,Overprediction,False,False
2356.76,19391.418780441807,-17034.65878044181,17034.65878044181,INDOFLOODS-gauge-560,2356.76,14.56321256,36.01269134,46.87395795,63.08054183,68.67403393,69.60943582,71.23628627,74.98601258,80.66934108,102.7220135,4,287671.5938,210795.125,8926.981445,864,216449.8594,626385.3125,1.364697576,0.190541685,0.003991687,1.73e-10,0.285911322,5.248195171,0.000237873,0.000160364,1.883477688,1.329044938,0.459256619,114,1.67e-08,0.000104082,2.68e-12,0.138554722,114,31.0,3.0,1.0,,718563.125,409152.3438,166609.1094,137244.1719,,6303.185547,13198.46289,55536.37109,137244.1719,,0.56940347,0.407205552,0.823749483,,3.677419424,10.33333302,3.0,,25.764242,12.706328,43.970409,434.982051,41.034291,12.15149,28.882801,25.557879,27.119344,31.848086,20.673906,1161.852684,341.936511,4.8136,134.29491,909.864179,20.640905,154.941463,35.193297,Tropical,44813907.59,32768307.86,23097431.35,17567820.39,17089937.72,14689976.67,4357.184359,5667.35392,3211.973055,2508.637112,2400.457416,1991.414495,0.41015,241.061947,2.435288712,0.55621633,0.598412105,0.514020656,0.473742904,0.441137102,0.410449309,1178748.0,130.395429,No dominant class,Vertisols,Basic volcanic rocks,21.2994,76.235,Tapi,Madhya Pradesh,8487.0,8926.981445,5.184181042,2017,8,241,Monsoon,Overprediction,False,False
1581.0,18548.337734594923,-16967.337734594923,16967.337734594923,INDOFLOODS-gauge-560,1581.0,46.60341157,89.04787737,108.9319255,136.5398675,146.4559632,168.7286667,193.555297,197.3672042,199.9189886,201.467474,4,287671.5938,210795.125,8926.981445,864,216449.8594,626385.3125,1.364697576,0.190541685,0.003991687,1.73e-10,0.285911322,5.248195171,0.000237873,0.000160364,1.883477688,1.329044938,0.459256619,114,1.67e-08,0.000104082,2.68e-12,0.138554722,114,31.0,3.0,1.0,,718563.125,409152.3438,166609.1094,137244.1719,,6303.185547,13198.46289,55536.37109,137244.1719,,0.56940347,0.407205552,0.823749483,,3.677419424,10.33333302,3.0,,25.764242,12.706328,43.970409,434.982051,41.034291,12.15149,28.882801,25.557879,27.119344,31.848086,20.673906,1161.852684,341.936511,4.8136,134.29491,909.864179,20.640905,154.941463,35.193297,Tropical,44813907.59,32768307.86,23097431.35,17567820.39,17089937.72,14689976.67,4357.184359,5667.35392,3211.973055,2508.637112,2400.457416,1991.414495,0.41015,241.061947,2.435288712,0.55621633,0.598412105,0.514020656,0.473742904,0.441137102,0.410449309,1178748.0,130.395429,No dominant class,Vertisols,Basic volcanic rocks,21.2994,76.235,Tapi,Madhya Pradesh,8487.0,8926.981445,5.184181042,2017,9,258,Monsoon,Overprediction,False,False
33306.14,16687.51490082137,16618.62509917863,16618.62509917863,INDOFLOODS-gauge-560,33306.14,113.2886842,124.3121956,131.1087356,134.5152527,135.08667140000003,138.0203054,143.625598,151.9681988,170.3948252,191.626344,4,287671.5938,210795.125,8926.981445,864,216449.8594,626385.3125,1.364697576,0.190541685,0.003991687,1.73e-10,0.285911322,5.248195171,0.000237873,0.000160364,1.883477688,1.329044938,0.459256619,114,1.67e-08,0.000104082,2.68e-12,0.138554722,114,31.0,3.0,1.0,,718563.125,409152.3438,166609.1094,137244.1719,,6303.185547,13198.46289,55536.37109,137244.1719,,0.56940347,0.407205552,0.823749483,,3.677419424,10.33333302,3.0,,25.764242,12.706328,43.970409,434.982051,41.034291,12.15149,28.882801,25.557879,27.119344,31.848086,20.673906,1161.852684,341.936511,4.8136,134.29491,909.864179,20.640905,154.941463,35.193297,Tropical,44813907.59,32768307.86,23097431.35,17567820.39,17089937.72,14689976.67,4357.184359,5667.35392,3211.973055,2508.637112,2400.457416,1991.414495,0.41015,241.061947,2.435288712,0.55621633,0.598412105,0.514020656,0.473742904,0.441137102,0.410449309,1178748.0,130.395429,No dominant class,Vertisols,Basic volcanic rocks,21.2994,76.235,Tapi,Madhya Pradesh,8487.0,8926.981445,5.184181042,2015,8,217,Monsoon,Underprediction,True,True
2234.36,18740.60304248076,-16506.24304248076,16506.24304248076,INDOFLOODS-gauge-560,2234.36,17.72381711,22.79861482,25.12466022,31.17932119,43.44247506,64.7816398,107.6036078,129.9484373,136.895948,147.6155209,4,287671.5938,210795.125,8926.981445,864,216449.8594,626385.3125,1.364697576,0.190541685,0.003991687,1.73e-10,0.285911322,5.248195171,0.000237873,0.000160364,1.883477688,1.329044938,0.459256619,114,1.67e-08,0.000104082,2.68e-12,0.138554722,114,31.0,3.0,1.0,,718563.125,409152.3438,166609.1094,137244.1719,,6303.185547,13198.46289,55536.37109,137244.1719,,0.56940347,0.407205552,0.823749483,,3.677419424,10.33333302,3.0,,25.764242,12.706328,43.970409,434.982051,41.034291,12.15149,28.882801,25.557879,27.119344,31.848086,20.673906,1161.852684,341.936511,4.8136,134.29491,909.864179,20.640905,154.941463,35.193297,Tropical,44813907.59,32768307.86,23097431.35,17567820.39,17089937.72,14689976.67,4357.184359,5667.35392,3211.973055,2508.637112,2400.457416,1991.414495,0.41015,241.061947,2.435288712,0.55621633,0.598412105,0.514020656,0.473742904,0.441137102,0.410449309,1178748.0,130.395429,No dominant class,Vertisols,Basic volcanic rocks,21.2994,76.235,Tapi,Madhya Pradesh,8487.0,8926.981445,5.184181042,2017,7,201,Monsoon,Overprediction,False,False
514.9,16940.52594391294,-16425.62594391294,16425.62594391294,INDOFLOODS-gauge-560,514.9,79.42331866,95.26796036,103.6037065,120.1048585,141.7840617,159.23269399999995,176.50325719999995,192.41585590000005,195.444012,199.2785672,4,287671.5938,210795.125,8926.981445,864,216449.8594,626385.3125,1.364697576,0.190541685,0.003991687,1.73e-10,0.285911322,5.248195171,0.000237873,0.000160364,1.883477688,1.329044938,0.459256619,114,1.67e-08,0.000104082,2.68e-12,0.138554722,114,31.0,3.0,1.0,,718563.125,409152.3438,166609.1094,137244.1719,,6303.185547,13198.46289,55536.37109,137244.1719,,0.56940347,0.407205552,0.823749483,,3.677419424,10.33333302,3.0,,25.764242,12.706328,43.970409,434.982051,41.034291,12.15149,28.882801,25.557879,27.119344,31.848086,20.673906,1161.852684,341.936511,4.8136,134.29491,909.864179,20.640905,154.941463,35.193297,Tropical,44813907.59,32768307.86,23097431.35,17567820.39,17089937.72,14689976.67,4357.184359,5667.35392,3211.973055,2508.637112,2400.457416,1991.414495,0.41015,241.061947,2.435288712,0.55621633,0.598412105,0.514020656,0.473742904,0.441137102,0.410449309,1178748.0,130.395429,No dominant class,Vertisols,Basic volcanic rocks,21.2994,76.235,Tapi,Madhya Pradesh,8487.0,8926.981445,5.184181042,1975,7,192,Monsoon,Overprediction,False,False
16622.14,1386.0464428162902,15236.093557183707,15236.093557183707,INDOFLOODS-gauge-372,16622.14,101.0555743,242.0900264,300.9676269,394.2707104,444.15214060000005,541.9553174,593.9343241,615.0996279,651.7200759,700.9455406000002,3,44966.71875,35876.44141,689.8464355,1791,39174.71094,127866.6563,1.253377318,0.449511528,0.045718271,3.45e-09,0.53020972,2.224637032,0.000101668,0.000154559,1.38309598,1.147850633,0.351668835,9,1.88e-08,0.000121926,2.91e-12,0.276815414,9,3.0,1.0,,,54134.05469,24653.87109,27834.14453,,,6014.89502,8217.957031,27834.14453,,,0.45542258,1.128996968,,,3.0,3.0,,,26.281306,8.736721,60.246968,139.019763,33.821238,19.318689,14.502549,25.218912,26.39106,28.438734,25.115817,4578.466019,1592.430825,1.004854,136.432145,3570.964806,9.071602,258.260922,3028.925971,Tropical,112692567.8,81829545.4,57905251.1,39663447.7,28282653.55,20847393.55,5101.6587,6635.686,3835.7205,2808.6616,2185.2522,1772.2565,0.874983,206.5,16.63157895,0.65422714,0.7038582,0.60459614,0.55722106,0.5188698,0.48277453,223113.4547,322.538945,Mosaic vegetation,Acrisols,No dominant class,12.9303,74.9531,West flowing rivers from Tadri to Kanyakumari,Karnataka,688.0,689.8464355000001,0.268377253,2003,7,198,Monsoon,Underprediction,True,False
1183.2,16361.14190576474,-15177.94190576474,15177.94190576474,INDOFLOODS-gauge-560,1183.2,76.39022148,95.41972767,101.8706176,103.0735286,104.9646149,113.2932478,121.0520436,126.7335422,151.1077758,193.2689756,4,287671.5938,210795.125,8926.981445,864,216449.8594,626385.3125,1.364697576,0.190541685,0.003991687,1.73e-10,0.285911322,5.248195171,0.000237873,0.000160364,1.883477688,1.329044938,0.459256619,114,1.67e-08,0.000104082,2.68e-12,0.138554722,114,31.0,3.0,1.0,,718563.125,409152.3438,166609.1094,137244.1719,,6303.185547,13198.46289,55536.37109,137244.1719,,0.56940347,0.407205552,0.823749483,,3.677419424,10.33333302,3.0,,25.764242,12.706328,43.970409,434.982051,41.034291,12.15149,28.882801,25.557879,27.119344,31.848086,20.673906,1161.852684,341.936511,4.8136,134.29491,909.864179,20.640905,154.941463,35.193297,Tropical,44813907.59,32768307.86,23097431.35,17567820.39,17089937.72,14689976.67,4357.184359,5667.35392,3211.973055,2508.637112,2400.457416,1991.414495,0.41015,241.061947,2.435288712,0.55621633,0.598412105,0.514020656,0.473742904,0.441137102,0.410449309,1178748.0,130.395429,No dominant class,Vertisols,Basic volcanic rocks,21.2994,76.235,Tapi,Madhya Pradesh,8487.0,8926.981445,5.184181042,1985,8,221,Monsoon,Overprediction,False,False
3105.37,18078.722108881622,-14973.352108881623,14973.352108881623,INDOFLOODS-gauge-727,3105.37,101.2325983,161.7789201,210.9800475,234.7470454,240.6626476,247.1356074,250.06004480000004,250.4432557,251.3695204,253.75486150000003,5,299233.9688,197610.7969,15817.27246,855,214999.8438,791043.3125,1.514259219,0.34218055,0.003976747,1.31e-10,0.317644209,2.922433853,0.000360284,0.000161105,1.786922455,1.391786933,0.3782776,221,1.8e-08,0.000111842,2.9e-12,0.137744978,221,49.0,11.0,3.0,1.0,1242388.0,627367.75,320452.1875,220217.875,137819.7344,5621.665039,12803.42383,29132.01758,73405.96094,137819.7344,0.504969239,0.510788441,0.687209785,0.625833571,4.510204315,4.454545498,3.666666746,3.0,25.485867,10.932116,41.317706,452.788941,38.112799,11.646607,26.466192,27.292398,19.496046,30.716512,19.417195,1325.628607,327.996338,2.541945,113.683523,892.827023,25.938827,277.608265,35.533086,Tropical,101800486.9,73265401.7,48370070.6,38351752.52,29301454.23,25161597.27,2234.119033,2905.900414,1586.975679,1347.608777,1148.777431,1112.978682,4.446749,247.128713,26.28990509,0.480844911,0.517322809,0.444367041,0.409547208,0.381359775,0.354830395,6980017.0,439.195862,Cropland,Luvisols,Metamorphics,22.2197,86.7167,Subarnarekha,Odisha,16000.0,15817.27246,1.142047125,2011,6,170,Monsoon,Overprediction,False,False
749.6,15684.890632592118,-14935.290632592118,14935.290632592118,INDOFLOODS-gauge-560,749.6,69.42963251,79.59200093,95.97390297,110.2297307,136.46253230000002,154.0487891,174.1660324,186.6438226,193.6927184,195.5067776,4,287671.5938,210795.125,8926.981445,864,216449.8594,626385.3125,1.364697576,0.190541685,0.003991687,1.73e-10,0.285911322,5.248195171,0.000237873,0.000160364,1.883477688,1.329044938,0.459256619,114,1.67e-08,0.000104082,2.68e-12,0.138554722,114,31.0,3.0,1.0,,718563.125,409152.3438,166609.1094,137244.1719,,6303.185547,13198.46289,55536.37109,137244.1719,,0.56940347,0.407205552,0.823749483,,3.677419424,10.33333302,3.0,,25.764242,12.706328,43.970409,434.982051,41.034291,12.15149,28.882801,25.557879,27.119344,31.848086,20.673906,1161.852684,341.936511,4.8136,134.29491,909.864179,20.640905,154.941463,35.193297,Tropical,44813907.59,32768307.86,23097431.35,17567820.39,17089937.72,14689976.67,4357.184359,5667.35392,3211.973055,2508.637112,2400.457416,1991.414495,0.41015,241.061947,2.435288712,0.55621633,0.598412105,0.514020656,0.473742904,0.441137102,0.410449309,1178748.0,130.395429,No dominant class,Vertisols,Basic volcanic rocks,21.2994,76.235,Tapi,Madhya Pradesh,8487.0,8926.981445,5.184181042,2011,7,201,Monsoon,Overprediction,False,False
