GaugeID,Events,Mean_Absolute_Error,Median_Absolute_Error,Max_Absolute_Error,Mean_Residual,Mean_Target,Max_Target,Min_Target,Relative_Error_Percent
INDOFLOODS-gauge-944,2,388.8671508433176,388.8671508433176,389.3144745548898,-388.8671508433176,25.73,26.2,25.26,1511.3375470008457
INDOFLOODS-gauge-180,1,227.1731757716281,227.1731757716281,227.1731757716281,-227.1731757716281,10.0,10.0,10.0,2271.7317577162808
INDOFLOODS-gauge-428,25,189.40776817645536,189.50259620527223,190.5054609138947,-189.40776817645536,7.0308,9.4,6.17,2693.9717838148626
INDOFLOODS-gauge-175,3,178.99893440008532,178.75790517113026,180.30982887553816,-178.99893440008532,126.71666666666665,127.15,126.4,141.25918800480233
INDOFLOODS-gauge-585,2,96.42648940346324,96.42648940346324,97.49478980278543,-96.42648940346324,89.155,89.17,89.14,108.15600852836435
INDOFLOODS-gauge-879,27,96.18186145551782,96.20556515922152,96.64556515922152,-96.18186145551782,367.7037037037037,368.45,367.24,26.157436133148483
INDOFLOODS-gauge-324,14,94.81338562981509,91.5689725787778,113.45897257877778,94.81338562981509,570.1885714285714,588.77,566.51,16.628426170006556
INDOFLOODS-gauge-830,18,57.29589703013509,57.37081922949286,58.035676398702606,-57.29589703013509,126.35888888888888,127.83,125.6,45.343780349728355
INDOFLOODS-gauge-846,21,54.58721597105701,54.43166864541041,55.86166864541042,54.58721597105701,307.14809523809527,309.22,306.54,17.772278850937383
INDOFLOODS-gauge-617,2,46.55079952647699,46.55079952647699,50.40172625228726,-46.55079952647699,213.63,213.97,213.29,21.79038502386228
INDOFLOODS-gauge-890,9,44.61867298423542,44.66279912772181,45.41566383634427,-44.61867298423542,4.998888888888889,5.73,4.53,892.5718089755918
INDOFLOODS-gauge-635,9,43.26232034860611,45.686995552607584,46.38778857040967,43.26232034860611,491.95000000000005,495.85,490.98,8.794048246489705
INDOFLOODS-gauge-472,57,42.71676254658173,15.366413196236635,838.9689252135129,13.440234130698553,325.400701754386,1172.36,292.88,13.12743405784802
INDOFLOODS-gauge-32,65,37.664791804926836,38.15216337006069,42.83488040436578,-37.664791804926836,276.95953846153844,281.58,276.01,13.599384232855144
INDOFLOODS-gauge-603,17,32.40661984460772,32.42033318615188,33.16969761896428,-32.40661984460772,427.2594117647059,428.54,426.54,7.58476441999462
INDOFLOODS-gauge-415,5,27.042783471761147,26.92356226466556,27.74356226466556,-27.042783471761147,11.898,12.53,11.06,227.288481020013
INDOFLOODS-gauge-917,6,26.26030730192262,26.250310384594883,26.74531038459486,-26.26030730192262,281.985,284.0,281.16,9.312661064213563
INDOFLOODS-gauge-376,4,23.85617790143735,23.658775510016426,26.581554513200047,-23.85617790143735,356.8975,358.14,355.26,6.6843219415763215
INDOFLOODS-gauge-877,1,22.04605350651952,22.04605350651952,22.04605350651952,22.04605350651952,240.91,240.91,240.91,9.15115748890437
INDOFLOODS-gauge-1074,1,21.90880623681757,21.90880623681757,21.90880623681757,-21.90880623681757,23.5,23.5,23.5,93.22896270986199
INDOFLOODS-gauge-1100,6,20.726495621769374,21.76788389783475,23.3673327553878,-20.726495621769374,15.041666666666666,21.06,13.15,137.7938767098241
INDOFLOODS-gauge-369,35,18.28229118444417,17.858862613015617,21.118862613015608,18.28229118444417,515.2734285714286,518.11,514.53,3.5480756760795846
INDOFLOODS-gauge-429,155,17.001937100340303,17.055717549763116,21.16571754976312,17.001937100340303,10.001999999999999,13.73,9.01,169.98537392861732
INDOFLOODS-gauge-526,27,13.741792375799845,13.769855866686044,34.56185334613133,-11.372152069628438,327.1414814814815,369.79,322.18,4.2005655515067195
INDOFLOODS-gauge-1085,22,10.071003544837977,11.893345632833904,19.90665436716609,-3.133321911682819,22.191363636363636,48.2,12.3,45.38253579124464
INDOFLOODS-gauge-724,28,9.79378207240538,9.929139215262524,10.784139215262528,-9.79378207240538,84.01035714285715,85.95,83.02,11.657826969776288
INDOFLOODS-gauge-319,33,8.86971086311568,4.881296312262521,49.90938472840219,0.45096256078131153,606.8606060606061,639.7,605.31,1.4615730160329237
INDOFLOODS-gauge-727,18,4.138859241585196,4.470366527463629,5.983235381651795,-4.138859241585196,50.14666666666667,54.04,48.38,8.253508192472474
INDOFLOODS-gauge-562,47,3.4728291750396156,3.5569549161524776,6.556954916152478,-3.4518485331737647,248.15510638297874,252.1,245.05,1.3994590825304174
INDOFLOODS-gauge-29,127,3.058156001230288,2.4438278780683618,9.673827878068323,3.047307353100575,311.2091338582677,318.77,310.01,0.9826691020653165
INDOFLOODS-gauge-441,1,0.052659713277972,0.052659713277972,0.052659713277972,-0.052659713277972,18.24,18.24,18.24,0.28870456840993425
