Actual,Predicted,Residual,Absolute_Error
8567.94,2030.28093354728,6537.65906645272,6537.65906645272
4911.49,553.8733389744596,4357.61666102554,4357.61666102554
2110.13,10165.807691262153,-8055.677691262153,8055.677691262153
7735.21,6602.537214582304,1132.672785417696,1132.672785417696
1070.0,5379.452627314701,-4309.452627314701,4309.452627314701
1238.0,6773.698837697163,-5535.698837697163,5535.698837697163
1053.75,4217.721323500157,-3163.9713235001573,3163.9713235001573
3351.05,5227.581768625472,-1876.531768625472,1876.531768625472
5648.31,5165.569874959852,482.7401250401481,482.7401250401481
19087.84,10368.196231266696,8719.643768733304,8719.643768733304
1185.0,4093.797726541524,-2908.797726541524,2908.797726541524
2609.0,8215.81287121697,-5606.812871216969,5606.812871216969
1067.36,6350.00663417343,-5282.64663417343,5282.64663417343
5628.46,6431.382766681136,-802.9227666811357,802.9227666811357
6177.5,4607.771469295808,1569.728530704192,1569.728530704192
3712.4,5318.1813845463785,-1605.7813845463784,1605.7813845463784
6360.79,7633.674369632823,-1272.884369632823,1272.884369632823
4979.3,5404.540695293237,-425.24069529323697,425.24069529323697
3957.0,4334.3764531152365,-377.3764531152365,377.3764531152365
7568.52,8266.593930228448,-698.0739302284474,698.0739302284474
4525.95,8266.593930228448,-3740.643930228448,3740.643930228448
2326.8,6387.05211921496,-4060.2521192149597,4060.2521192149597
1297.0,6474.45225592659,-5177.45225592659,5177.45225592659
3324.7,8396.328656875658,-5071.628656875658,5071.628656875658
3980.8,5318.1813845463785,-1337.3813845463783,1337.3813845463783
7844.9,7647.026352307232,197.87364769276792,197.87364769276792
4553.79,8254.1593915492,-3700.3693915491995,3700.3693915491995
1260.8,5243.577170469517,-3982.777170469517,3982.777170469517
5129.3,3949.45419684048,1179.84580315952,1179.84580315952
3842.94,6081.078315646593,-2238.138315646593,2238.138315646593
9506.0,6168.054357808442,3337.9456421915584,3337.9456421915584
7074.03,4608.559480959392,2465.4705190406075,2465.4705190406075
1146.0,6253.929588828831,-5107.929588828831,5107.929588828831
17851.88,7879.593897248186,9972.286102751816,9972.286102751816
5333.0,5947.820600587539,-614.820600587539,614.820600587539
2221.0,7273.863231013067,-5052.863231013067,5052.863231013067
5739.49,6292.649094276723,-553.1590942767234,553.1590942767234
3529.01,6588.224918015656,-3059.2149180156557,3059.2149180156557
2800.0,6235.606965194082,-3435.6069651940816,3435.6069651940816
1387.0,6574.903300205943,-5187.903300205943,5187.903300205943
2505.34,6972.610007023558,-4467.270007023558,4467.270007023558
1386.0,5028.724474936174,-3642.7244749361744,3642.7244749361744
1341.0,3252.4728998364503,-1911.4728998364503,1911.4728998364503
6717.64,4523.750138942563,2193.889861057437,2193.889861057437
5690.49,7398.586790323322,-1708.0967903233222,1708.0967903233222
2916.0,6994.644240200372,-4078.644240200372,4078.644240200372
1193.0,4719.77633934888,-3526.7763393488804,3526.7763393488804
2502.0,5552.363623656894,-3050.3636236568937,3050.3636236568937
1289.95,6983.908596921294,-5693.958596921294,5693.958596921294
6454.59,5722.704029219916,731.8859707800839,731.8859707800839
4620.0,6659.386641683838,-2039.3866416838382,2039.3866416838382
2489.72,6587.1789070305895,-4097.45890703059,4097.45890703059
1300.1,6574.903300205943,-5274.803300205944,5274.803300205944
3160.0,5287.495087322013,-2127.495087322013,2127.495087322013
2523.6,6740.383828066117,-4216.783828066116,4216.783828066116
7213.03,7398.586790323322,-185.55679032332228,185.55679032332228
2597.9,6836.124319753998,-4238.224319753997,4238.224319753997
1185.65,3811.748943630297,-2626.098943630297,2626.098943630297
1124.0,2126.4015711704124,-1002.4015711704124,1002.4015711704124
1256.0,3815.5069784849143,-2559.5069784849143,2559.5069784849143
2851.0,4966.345655238683,-2115.3456552386833,2115.3456552386833
2387.0,5326.769636257255,-2939.769636257255,2939.769636257255
4526.0,5653.2739225553105,-1127.2739225553105,1127.2739225553105
1262.0,6073.0148625497395,-4811.0148625497395,4811.0148625497395
2672.0,4627.59236752148,-1955.59236752148,1955.59236752148
2520.0,4627.59236752148,-2107.59236752148,2107.59236752148
8916.66,225.37347873675841,8691.286521263242,8691.286521263242
2810.0,6784.567731685662,-3974.567731685662,3974.567731685662
5640.53,5627.0390750253055,13.49092497469428,13.49092497469428
3620.0,5547.003393478158,-1927.0033934781577,1927.0033934781577
2509.0,7377.217891661675,-4868.217891661675,4868.217891661675
2652.0,6324.557391071622,-3672.557391071622,3672.557391071622
9111.35,7457.253573208823,1654.0964267911777,1654.0964267911777
1219.0,8193.13430441883,-6974.134304418831,6974.134304418831
3751.83,6678.745528784859,-2926.915528784859,2926.915528784859
3283.9,4829.859967969123,-1545.9599679691232,1545.9599679691232
1572.0,2924.2455891895756,-1352.2455891895756,1352.2455891895756
2616.0,4965.982115363237,-2349.9821153632374,2349.9821153632374
3701.1,5561.903103828791,-1860.8031038287913,1860.8031038287913
4229.0,5856.432916582657,-1627.4329165826566,1627.4329165826566
1109.0,4783.72288322168,-3674.7228832216797,3674.7228832216797
1078.0,2445.8289755453775,-1367.8289755453775,1367.8289755453775
4745.0,6771.487225426556,-2026.4872254265556,2026.4872254265556
9917.14,5031.53491764443,4885.60508235557,4885.60508235557
7365.01,3592.9521807355877,3772.0578192644125,3772.0578192644125
5406.07,3275.6164749938816,2130.453525006118,2130.453525006118
3397.09,4734.119476281241,-1337.029476281241,1337.029476281241
4603.72,5569.132650481097,-965.4126504810965,965.4126504810965
2175.16,6273.995484878378,-4098.835484878378,4098.835484878378
4053.39,6216.163778256812,-2162.7737782568124,2162.7737782568124
6699.95,4786.24260059564,1913.7073994043594,1913.7073994043594
1511.3,6367.787243018014,-4856.487243018014,4856.487243018014
4191.95,5609.656555181828,-1417.7065551818278,1417.7065551818278
1217.9,-1303.9942642978338,2521.8942642978336,2521.8942642978336
3215.96,4650.332044424035,-1434.3720444240353,1434.3720444240353
4266.99,6342.891569067346,-2075.901569067346,2075.901569067346
2238.31,4677.421602648653,-2439.111602648653,2439.111602648653
3533.13,7766.127842962343,-4232.9978429623425,4232.9978429623425
5285.53,6293.215630522785,-1007.6856305227857,1007.6856305227857
2729.65,7413.63620583534,-4683.986205835339,4683.986205835339
3249.49,-1688.637680028292,4938.127680028292,4938.127680028292
2609.76,6293.215630522785,-3683.455630522785,3683.455630522785
4261.2,7333.600524288192,-3072.400524288192,3072.400524288192
1300.0,4540.115740621397,-3240.115740621397,3240.115740621397
5976.0,7004.797857453485,-1028.7978574534854,1028.7978574534854
2562.0,2968.749243066884,-406.749243066884,406.749243066884
1337.0,6476.269465153971,-5139.269465153971,5139.269465153971
2823.83,7070.350659734678,-4246.520659734678,4246.520659734678
1155.78,7502.877978408828,-6347.097978408829,6347.097978408829
4064.52,6010.745620324863,-1946.225620324863,1946.225620324863
995.66,5331.493403092455,-4335.833403092455,4335.833403092455
1370.0,6139.310751916907,-4769.310751916907,4769.310751916907
7673.89,10551.99035516399,-2878.1003551639906,2878.1003551639906
9457.5,7635.102136981693,1822.3978630183074,1822.3978630183074
7222.0,9072.76708734911,-1850.7670873491097,1850.7670873491097
7695.4,4859.172373345764,2836.227626654236,2836.227626654236
8366.7,10061.701085321196,-1695.0010853211952,1695.0010853211952
7907.7,6688.6690885566395,1219.0309114433603,1219.0309114433603
6830.4,6784.519187242145,45.88081275785498,45.88081275785498
7726.05,9756.009140830147,-2029.9591408301467,2029.9591408301467
3654.3,6805.87122062543,-3151.57122062543,3151.57122062543
7597.75,8564.822210857577,-967.0722108575774,967.0722108575774
3050.74,5992.375836704482,-2941.6358367044822,2941.6358367044822
3450.89,6656.223679922138,-3205.3336799221383,3205.3336799221383
4836.15,6570.008190757065,-1733.8581907570651,1733.8581907570651
6254.0,7542.63300979997,-1288.6330097999698,1288.6330097999698
3856.4,6882.291204995509,-3025.8912049955093,3025.8912049955093
3856.4,8258.972629925896,-4402.572629925897,4402.572629925897
14580.0,6604.560598472934,7975.439401527066,7975.439401527066
8769.78,7526.819152390337,1242.9608476096637,1242.9608476096637
3260.0,4319.681723186321,-1059.6817231863206,1059.6817231863206
15863.7,6748.434701105689,9115.265298894312,9115.265298894312
1950.0,3113.4510638177585,-1163.4510638177585,1163.4510638177585
1231.0,2810.1920711787147,-1579.1920711787147,1579.1920711787147
20790.0,2850.580485307907,17939.419514692094,17939.419514692094
13587.0,3286.220479479693,10300.779520520307,10300.779520520307
2715.0,1125.4508244299568,1589.5491755700432,1589.5491755700432
9400.0,3459.8633121398716,5940.136687860128,5940.136687860128
1378.0,74.4924052831611,1303.5075947168389,1303.5075947168389
10799.4,2980.196198445533,7819.203801554467,7819.203801554467
1180.0,-611.9927565948011,1791.992756594801,1791.992756594801
6654.0,1965.39992367308,4688.60007632692,4688.60007632692
650.0,2810.1920711787147,-2160.1920711787147,2160.1920711787147
4615.6,2883.9901732554345,1731.609826744566,1731.609826744566
1993.6,3020.5846125747253,-1026.9846125747254,1026.9846125747254
2893.0,2630.8779571539603,262.1220428460397,262.1220428460397
650.0,3459.8633121398716,-2809.8633121398716,2809.8633121398716
3755.0,2958.354573438004,796.6454265619959,796.6454265619959
1266.0,1253.0760729864548,12.923927013545153,12.923927013545153
1896.7,1006.7273578163362,889.9726421836639,889.9726421836639
1919.0,2810.1920711787147,-891.1920711787147,891.1920711787147
1921.9,2810.1920711787147,-888.2920711787147,888.2920711787147
7402.7,2810.1920711787147,4592.5079288212855,4592.5079288212855
1413.5,2980.196198445533,-1566.696198445533,1566.696198445533
10144.3,3212.4223774029733,6931.877622597026,6931.877622597026
5453.1,3172.775109985019,2280.3248900149815,2280.3248900149815
904.8,1033.1649711399032,-128.36497113990322,128.36497113990322
946.2,771.8259307895817,174.37406921041838,174.37406921041838
9957.6,2980.196198445533,6977.4038015544675,6977.4038015544675
3647.0,3212.4223774029733,434.5776225970267,434.5776225970267
818.2,3212.4223774029733,-2394.2223774029735,2394.2223774029735
11521.0,3098.977007908299,8422.0229920917,8422.0229920917
973.3,3529.673704178598,-2556.373704178598,2556.373704178598
2542.0,2810.1920711787147,-268.19207117871474,268.19207117871474
5713.1,2850.580485307907,2862.5195146920933,2862.5195146920933
2903.2,3252.8107915321657,-349.6107915321659,349.6107915321659
5315.2,2834.3516525988152,2480.8483474011846,2480.8483474011846
5082.0,2234.426421399127,2847.573578600873,2847.573578600873
781.0,2606.259566732858,-1825.2595667328578,1825.2595667328578
27383.2,2810.1920711787147,24573.007928821287,24573.007928821287
946.5,3286.220479479693,-2339.720479479693,2339.720479479693
855.7,2051.5493412729425,-1195.8493412729424,1195.8493412729424
1125.0,5198.446581442032,-4073.446581442032,4073.446581442032
6645.5,2885.753694916765,3759.746305083235,3759.746305083235
1915.2,2653.418810315088,-738.2188103150881,738.2188103150881
2495.8,1958.1946490475618,537.6053509524384,537.6053509524384
960.0,2810.1920711787147,-1850.1920711787147,1850.1920711787147
7258.0,2980.196198445533,4277.803801554467,4277.803801554467
1400.0,1517.3396458176082,-117.33964581760824,117.33964581760824
1370.0,1437.3039642704612,-67.30396427046117,67.30396427046117
1805.0,2824.484506402846,-1019.4845064028459,1019.4845064028459
3408.0,4809.721122993676,-1401.7211229936756,1401.7211229936756
2656.1,2532.461464656138,123.6385353438618,123.6385353438618
11847.2,2980.196198445533,8867.003801554467,8867.003801554467
1528.3,1778.67868616793,-250.37868616793003,250.37868616793003
2965.0,2030.9527259542722,934.0472740457278,934.0472740457278
870.0,2776.7823832311874,-1906.7823832311874,1906.7823832311874
12068.0,2883.9901732554345,9184.009826744565,9184.009826744565
2590.0,1285.1134668601683,1304.8865331398317,1304.8865331398317
2940.0,2420.766110783281,519.233889216719,519.233889216719
7465.0,3252.8107915321657,4212.189208467835,4212.189208467835
6347.0,2899.9044548800075,3447.0955451199925,3447.0955451199925
6240.0,2820.200892635573,3419.799107364427,3419.799107364427
13389.0,2532.461464656138,10856.538535343861,10856.538535343861
4559.0,2581.55398758186,1977.44601241814,1977.44601241814
2052.0,1713.1258838867377,338.8741161132623,338.8741161132623
974.8,3212.4223774029733,-2237.622377402973,2237.622377402973
1121.0,2565.325154872768,-1444.325154872768,1444.325154872768
1759.0,1698.643004620783,60.356995379217096,60.356995379217096
2403.0,2820.200892635573,-417.2008926355729,417.2008926355729
1373.0,1049.8236681312762,323.17633186872376,323.17633186872376
2520.0,1243.6107412087185,1276.3892587912815,1276.3892587912815
850.0,2572.8498787853305,-1722.8498787853305,1722.8498787853305
1250.0,1387.9799946983617,-137.97999469836168,137.97999469836168
24949.9,2308.6833324768486,22641.216667523153,22641.216667523153
1788.0,2565.325154872768,-777.325154872768,777.325154872768
982.22,1275.7538555423832,-293.5338555423832,293.5338555423832
1146.0,1603.5647564157416,-457.5647564157416,457.5647564157416
15532.05,2810.1920711787147,12721.857928821284,12721.857928821284
1697.0,2478.6874597436668,-781.6874597436668,781.6874597436668
3126.1,3132.3866958558265,-6.286695855826565,6.286695855826565
1187.0,2470.302979051058,-1283.3029790510582,1283.3029790510582
6972.28,7074.760984959254,-102.48098495925387,102.48098495925387
781.8,1059.3145169887919,-277.5145169887919,277.5145169887919
3725.1,1025.9596965143849,2699.140303485615,2699.140303485615
1018.0,2532.461464656138,-1514.461464656138,1514.461464656138
2556.0,2810.1920711787147,-254.19207117871474,254.19207117871474
1011.0,2253.2359973768994,-1242.2359973768994,1242.2359973768994
625.09,1445.343624368197,-820.2536243681969,820.2536243681969
5965.58,3206.184797932546,2759.3952020674537,2759.3952020674537
1919.8,2958.354573438004,-1038.5545734380041,1038.5545734380041
568.5,2303.8233810592837,-1735.3233810592837,1735.3233810592837
1352.6,715.4071744966592,637.1928255033407,637.1928255033407
1723.5,2810.1920711787147,-1086.6920711787147,1086.6920711787147
714.8,2710.913638701107,-1996.1136387011072,1996.1136387011072
2935.1,3212.4223774029733,-277.3223774029734,277.3223774029734
549.3,5596.57734872532,-5047.27734872532,5047.27734872532
1537.5,1713.1258838867377,-175.6258838867377,175.6258838867377
2471.3,3286.220479479693,-814.9204794796929,814.9204794796929
2142.3,2630.8779571539603,-488.57795715396014,488.57795715396014
1832.6,2532.461464656138,-699.8614646561382,699.8614646561382
1243.16,2606.259566732858,-1363.0995667328577,1363.0995667328577
5128.9,3286.220479479693,1842.6795205203066,1842.6795205203066
8710.96,3212.4223774029733,5498.537622597026,5498.537622597026
1417.51,1698.643004620783,-281.1330046207829,281.1330046207829
727.26,577.0962953087572,150.16370469124274,150.16370469124274
1116.34,2606.259566732858,-1489.919566732858,1489.919566732858
16206.06,2532.461464656138,13673.598535343861,13673.598535343861
635.2,3020.5846125747253,-2385.384612574725,2385.384612574725
3003.87,1395.3680872434932,1608.5019127565067,1608.5019127565067
1842.7,2979.9401364271544,-1137.2401364271543,1137.2401364271543
13329.63,1513.5569223965626,11816.073077603436,11816.073077603436
1734.18,2572.8498787853305,-838.6698787853304,838.6698787853304
3993.87,2532.461464656138,1461.4085353438618,1461.4085353438618
4098.33,2776.7823832311874,1321.5476167688125,1321.5476167688125
3275.34,2577.709830202896,697.6301697971044,697.6301697971044
10526.92,3212.4223774029733,7314.497622597027,7314.497622597027
570.08,4809.721122993676,-4239.641122993676,4239.641122993676
644.5,2227.221146773613,-1582.7211467736129,1582.7211467736129
4145.14,3212.4223774029733,932.717622597027,932.717622597027
452.1,1778.67868616793,-1326.5786861679298,1326.5786861679298
9546.85,3172.775109985019,6374.074890014981,6374.074890014981
613.24,2161.6683444924206,-1548.4283444924206,1548.4283444924206
451.68,960.4068942331922,-508.72689423319224,508.72689423319224
7201.69,2269.211600102624,4932.478399897376,4932.478399897376
7879.66,2546.9422066252,5332.7177933748,5332.7177933748
1308.84,2790.744435968738,-1481.904435968738,1481.904435968738
3023.54,2716.6902718736396,306.84972812636033,306.84972812636033
1024.08,4546.471258440161,-3522.3912584401614,3522.3912584401614
1029.64,2053.013071694014,-1023.3730716940138,1023.3730716940138
722.69,2244.047211950624,-1521.3572119506239,1521.3572119506239
477.13,2716.946333892018,-2239.816333892018,2239.816333892018
7203.52,2949.1725128494586,4254.347487150542,4254.347487150542
699.76,3022.9706149261783,-2323.210614926178,2323.210614926178
1801.66,2581.9799256625206,-780.3199256625205,780.3199256625205
570.3,123.96484948885384,446.33515051114614,446.33515051114614
420.25,835.4679088675813,-415.2179088675813,415.2179088675813
446.6,856.192734029171,-409.59273402917097,409.59273402917097
648.53,1113.1985153901574,-464.6685153901574,464.6685153901574
7672.1,2546.9422066252,5125.1577933748,5125.1577933748
3128.93,2949.1725128494586,179.75748715054124,179.75748715054124
4845.84,1624.7160755488815,3221.123924451119,3221.123924451119
1423.27,762.7098319608702,660.5601680391297,660.5601680391297
1619.32,2149.8847929089598,-530.5647929089598,530.5647929089598
445.3,1515.4288216144157,-1070.1288216144158,1070.1288216144158
967.25,3022.9706149261783,-2055.7206149261783,2055.7206149261783
7107.91,2302.0752903192533,4805.8347096807465,4805.8347096807465
446.43,3098.84818091312,-2652.41818091312,2652.41818091312
484.23,1963.971282220098,-1479.741282220098,1479.741282220098
4151.21,2309.600014231816,1841.6099857681838,1841.6099857681838
526.06,2546.9422066252,-2020.8822066252,2020.8822066252
16889.04,2215.437595190152,14673.602404809848,14673.602404809848
1380.89,3185.2489358227826,-1804.3589358227825,1804.3589358227825
827.86,1629.3919822128535,-801.5319822128534,801.5319822128534
427.9,508.5760662360684,-80.67606623606844,80.67606623606844
9877.56,2546.9422066252,7330.6177933747995,7330.6177933747995
10314.3,2949.1725128494586,7365.127487150541,7365.127487150541
431.59,1435.3931400672686,-1003.8031400672687,1003.8031400672687
586.51,1241.4054766244446,-654.8954766244447,654.8954766244447
458.5,3124.01256906512,-2665.51256906512,2665.51256906512
1398.06,3083.4886643643895,-1685.4286643643895,1685.4286643643895
509.5,762.7098319608702,-253.20983196087025,253.20983196087025
461.3,762.7098319608702,-301.40983196087024,301.40983196087024
449.62,2716.946333892018,-2267.3263338920183,2267.3263338920183
924.08,2269.211600102624,-1345.131600102624,1345.131600102624
782.51,2546.9422066252,-1764.4322066252,1764.4322066252
1248.66,2367.6280926004456,-1118.9680926004455,1118.9680926004455
2739.38,2716.946333892018,22.433666107981935,22.433666107981935
1125.25,1690.2688778300737,-565.0188778300737,565.0188778300737
10351.87,2314.459965649381,8037.41003435062,8037.41003435062
16622.14,1386.0464428162902,15236.093557183709,15236.093557183709
25833.91,-1435.706499211198,27269.6164992112,27269.6164992112
378.12,1108.315836293714,-730.195836293714,730.195836293714
525.64,1148.704250422906,-623.064250422906,623.064250422906
554.72,914.4612496612258,-359.74124966122577,359.74124966122577
571.54,1332.7126427327578,-761.1726427327578,761.1726427327578
1681.12,1828.66516316974,-147.54516316974014,147.54516316974014
524.49,2195.3267236587426,-1670.8367236587426,1670.8367236587426
2981.43,2228.73641160627,752.6935883937299,752.6935883937299
465.54,1148.889428602783,-683.3494286027831,683.3494286027831
423.5,1108.315836293714,-684.815836293714,684.815836293714
2826.81,1154.0044066694159,1672.805593330584,1672.805593330584
1532.75,1677.1371885875258,-144.38718858752577,144.38718858752577
1649.48,1332.7126427327578,316.76735726724223,316.76735726724223
880.6,2194.389300434825,-1313.7893004348252,1313.7893004348252
1589.82,1925.3628027087711,-335.5428027087712,335.5428027087712
1266.48,1108.315836293714,158.164163706286,158.164163706286
938.4,1108.315836293714,-169.91583629371405,169.91583629371405
936.4,1162.7085154659399,-226.30851546593988,226.30851546593988
862.75,1386.0464428162902,-523.2964428162902,523.2964428162902
1317.16,2148.700730059123,-831.540730059123,831.540730059123
925.97,2194.389300434825,-1268.4193004348251,1268.4193004348251
412.7,1925.3628027087711,-1512.662802708771,1512.662802708771
451.66,3206.64476387901,-2754.98476387901,2754.98476387901
754.93,3206.64476387901,-2451.71476387901,2451.71476387901
521.7,1108.315836293714,-586.615836293714,586.615836293714
2545.43,2228.73641160627,316.6935883937299,316.6935883937299
4193.77,2148.700730059123,2045.0692699408773,2045.0692699408773
493.3,943.1346611761687,-449.8346611761687,449.8346611761687
3721.52,845.0659717402001,2876.4540282598,2876.4540282598
3990.04,1122.7965782627755,2867.2434217372247,2867.2434217372247
1030.24,1973.7318468482813,-943.4918468482813,943.4918468482813
580.4,2011.1751174284557,-1430.7751174284558,1430.7751174284558
1462.6,713.2944845701827,749.3055154298172,749.3055154298172
1554.1,343.5648481324424,1210.5351518675575,1210.5351518675575
3405.38,1932.0768591052263,1473.3031408947738,1473.3031408947738
499.7,1056.3822719201366,-556.6822719201366,556.6822719201366
617.31,1312.9943966464755,-695.6843966464755,695.6843966464755
510.4,573.5129321757556,-63.112932175755645,63.112932175755645
541.0,31.549869128366304,509.4501308716337,509.4501308716337
457.8,-947.5238095604549,1405.323809560455,1405.323809560455
541.03,853.3112715357275,-312.28127153572757,312.28127153572757
3451.47,1122.7965782627755,2328.673421737224,2328.673421737224
475.69,1965.486547052754,-1489.796547052754,1489.796547052754
1104.98,1885.450865505607,-780.470865505607,780.470865505607
544.51,1662.1129381552564,-1117.6029381552564,1117.6029381552564
522.5,2943.3948993254953,-2420.8948993254953,2420.8948993254953
526.51,1865.5866336001163,-1339.0766336001163,1339.0766336001163
2689.0,1925.839279634799,763.1607203652011,763.1607203652011
2607.89,1239.1962945697558,1368.693705430244,1368.693705430244
2952.74,885.4543858693922,2067.2856141306074,2067.2856141306074
503.0,1196.5946803394952,-693.5946803394952,693.5946803394952
557.07,1292.8007055295934,-735.7307055295934,735.7307055295934
3393.52,1525.0268844870338,1868.4931155129661,1868.4931155129661
1222.79,1413.887324034011,-191.09732403401108,191.09732403401108
1757.54,1292.8007055295934,464.73929447040655,464.73929447040655
2712.43,1965.486547052754,746.9434529472458,746.9434529472458
1204.04,1852.0411775580792,-648.0011775580792,648.0011775580792
903.5,885.4543858693922,18.04561413060776,18.04561413060776
487.8,899.4586509124258,-411.6586509124258,411.6586509124258
1845.03,1338.4892759052952,506.54072409470473,506.54072409470473
644.41,845.0659717402001,-200.65597174020013,200.65597174020013
577.53,1413.887324034011,-836.3573240340111,836.3573240340111
1149.91,-1113.4178955728814,2263.3278955728815,2263.3278955728815
538.9,918.8640738169198,-379.96407381691984,379.96407381691984
2151.74,-89.19252743494621,2240.9325274349458,2240.9325274349458
702.5,1163.1849923919674,-460.6849923919674,460.6849923919674
1007.52,1259.3910175820656,-251.87101758206563,251.87101758206563
4741.27,1865.5866336001163,2875.683366399884,2875.683366399884
4430.0,5520.785509750751,-1090.7855097507509,1090.7855097507509
2100.0,7440.8976373803325,-5340.8976373803325,5340.8976373803325
5490.0,6774.075685391036,-1284.0756853910361,1284.0756853910361
5415.0,7397.28027000685,-1982.2802700068496,1982.2802700068496
17840.0,7446.434344090767,10393.565655909233,10393.565655909233
11194.72,6119.416643195897,5075.303356804102,5075.303356804102
1170.0,6758.982416975809,-5588.982416975809,5588.982416975809
47283.64,5643.533281436267,41640.10671856373,41640.10671856373
1277.0,4439.56935645222,-3162.56935645222,3162.56935645222
1332.0,4223.400817203093,-2891.4008172030926,2891.4008172030926
1388.0,4207.343177494779,-2819.3431774947794,2819.3431774947794
397.0,1864.6718291558002,-1467.6718291558002,1467.6718291558002
383.5,939.1789899353798,-555.6789899353798,555.6789899353798
385.0,872.5555315380585,-487.5555315380585,487.5555315380585
863.78,1799.119026874608,-935.339026874608,935.339026874608
439.1,1864.6718291558002,-1425.5718291558,1425.5718291558
388.0,1706.24375227508,-1318.24375227508,1318.24375227508
940.2,1848.2731009585248,-908.0731009585247,908.0731009585247
1436.46,1418.8241555580591,17.63584444194089,17.63584444194089
539.0,1821.054461782317,-1282.054461782317,1282.054461782317
460.05,2296.1564071445728,-1836.1064071445728,1836.1064071445728
692.62,894.4909664457676,-201.87096644576764,201.87096644576764
534.84,1141.093549035483,-606.2535490354829,606.2535490354829
680.34,1418.8241555580591,-738.4841555580591,738.4841555580591
424.68,1325.5784182713628,-900.8984182713627,900.8984182713627
611.6,-146.3816836559669,757.9816836559669,757.9816836559669
1441.79,1477.7689156816557,-35.978915681655735,35.978915681655735
60.75,-1454.082448929799,1514.832448929799,1514.832448929799
95.98,-1301.0251791003,1397.0051791003,1397.0051791003
76.29,-838.4060070491324,914.6960070491324,914.6960070491324
100.67,-1874.0654572605688,1974.7354572605689,1974.7354572605689
1499.6,2097.145742384139,-597.545742384139,597.545742384139
2337.3,-167.5226867293212,2504.8226867293215,2504.8226867293215
1974.7,1977.1232567211682,-2.4232567211681726,2.4232567211681726
466.0,2889.4788067127174,-2423.4788067127174,2423.4788067127174
530.4,1977.1232567211682,-1446.7232567211681,1446.7232567211681
568.0,856.7026814086139,-288.7026814086139,288.7026814086139
532.3,461.57342224775624,70.72657775224371,70.72657775224371
557.7,-192.68707488132185,750.387074881322,750.387074881322
1426.53,1291.3569089389011,135.17309106109883,135.17309106109883
1731.43,1134.43328793119,596.99671206881,596.99671206881
563.75,1602.8966892959688,-1039.1466892959688,1039.1466892959688
548.31,1943.7135687736404,-1395.4035687736405,1395.4035687736405
2211.69,2955.0316089939097,-743.3416089939096,743.3416089939096
1268.07,856.7026814086139,411.36731859138604,411.36731859138604
1076.25,1134.43328793119,-58.18328793119008,58.18328793119008
1852.8,1633.8377106205066,218.9622893794933,218.9622893794933
509.6,1713.8733921676537,-1204.2733921676536,1204.2733921676536
1102.94,-261.49661549599296,1364.436615495993,1364.436615495993
468.83,593.4528168550997,-124.62281685509976,124.62281685509976
463.94,2691.781744440395,-2227.841744440395,2227.841744440395
1643.98,-659.4106348796954,2303.3906348796954,2303.3906348796954
2003.35,-68.37523204398016,2071.72523204398,2071.72523204398
8027.0,3028.400054438298,4998.599945561702,4998.599945561702
5157.3,3983.1137616770184,1174.1862383229818,1174.1862383229818
2460.0,3837.939368298106,-1377.9393682981058,1377.9393682981058
1125.0,2645.1238005536893,-1520.1238005536893,1520.1238005536893
1134.0,2439.7773684474955,-1305.7773684474955,1305.7773684474955
2867.0,2666.3569970200706,200.6430029799294,200.6430029799294
4956.0,4070.165547255546,885.8344527444542,885.8344527444542
2267.0,3937.9653847853388,-1670.9653847853388,1670.9653847853388
1006.1,1441.720877979581,-435.620877979581,435.620877979581
3757.0,4238.96621874869,-481.96621874869015,481.96621874869015
3356.3,3624.3178736578047,-268.01787365780456,268.01787365780456
1194.0,2536.051055864996,-1342.0510558649962,1342.0510558649962
1215.0,2852.6877136899,-1637.6877136899002,1637.6877136899002
1096.0,1651.4262634306717,-555.4262634306717,555.4262634306717
2161.0,3607.919145460529,-1446.9191454605289,1446.9191454605289
708.2,313.8920785775828,394.3079214224172,394.3079214224172
1248.32,3410.2220831882064,-2161.9020831882062,2161.9020831882062
3488.84,3666.863905584126,-178.0239055841257,178.0239055841257
1136.02,2127.2127074831424,-991.1927074831424,991.1927074831424
2233.7,2223.1624502428094,10.53754975719039,10.53754975719039
700.6,2789.6311217621023,-2089.0311217621024,2089.0311217621024
5046.0,1348.9272340579007,3697.072765942099,3697.072765942099
199.7,536.2539804227373,-336.5539804227373,336.5539804227373
234.0,3147.1923953557525,-2913.1923953557525,2913.1923953557525
256.0,2316.968229341819,-2060.968229341819,2060.968229341819
574.9,630.4274208491034,-55.527420849103464,55.527420849103464
289.6,1326.7800933234887,-1037.1800933234886,1037.1800933234886
713.3,532.1652222023156,181.13477779768436,181.13477779768436
1603.5,1036.1295374085412,567.3704625914588,567.3704625914588
252.0,-286.5824629425238,538.5824629425238,538.5824629425238
1905.0,73.27104506302629,1831.7289549369737,1831.7289549369737
830.6,1596.940366980828,-766.340366980828,766.340366980828
247.2,1655.5395380286445,-1408.3395380286445,1408.3395380286445
547.8,1172.297132725699,-624.497132725699,624.497132725699
820.0,-470.1936724275374,1290.1936724275374,1290.1936724275374
3469.7,140.34764253142595,3329.3523574685737,3329.3523574685737
1100.8,2620.918708229085,-1520.118708229085,1520.118708229085
248.7,121.59712413207933,127.10287586792066,127.10287586792066
249.6,1317.730170421863,-1068.130170421863,1068.130170421863
623.2,267.81020151947564,355.3897984805244,355.3897984805244
244.0,11.88277993274896,232.11722006725103,232.11722006725103
1302.4,2778.360590528649,-1475.960590528649,1475.960590528649
309.7,-1007.1007255639618,1316.8007255639618,1316.8007255639618
247.6,1873.969787306948,-1626.3697873069482,1626.3697873069482
1635.1,1940.2530073996375,-305.15300739963754,305.15300739963754
658.8,1380.270282527974,-721.470282527974,721.470282527974
3488.4,1010.8813819079757,2477.5186180920246,2477.5186180920246
1247.5,827.5162334723555,419.98376652764455,419.98376652764455
1225.6,533.8457077535011,691.7542922464988,691.7542922464988
335.3,1132.528414370678,-797.2284143706781,797.2284143706781
4840.1,4058.51219299403,781.5878070059703,781.5878070059703
7658.9,4275.804836688545,3383.0951633114546,3383.0951633114546
345.8,6024.808972456501,-5679.0089724565005,5679.0089724565005
2390.2,3236.7538226878833,-846.5538226878834,846.5538226878834
3792.6,1279.9078796340277,2512.692120365972,2512.692120365972
381.35,2168.9803596903766,-1787.6303596903767,1787.6303596903767
417.7,364.932229256988,52.767770743011965,52.767770743011965
322.94,1995.6580104853876,-1672.7180104853876,1672.7180104853876
502.62,973.0406477070306,-470.42064770703064,470.42064770703064
441.05,704.0141499809786,-262.96414998097856,262.96414998097856
563.28,2244.1202429786185,-1680.8402429786186,1680.8402429786186
178.48,-587.8940310826421,766.3740310826421,766.3740310826421
48.2,-97.8142527649641,146.0142527649641,146.0142527649641
1601.33,2917.9355224943574,-1316.6055224943575,1316.6055224943575
3477.66,2899.004983297655,578.6550167023447,578.6550167023447
7656.1,16940.52594391294,-9284.42594391294,9284.42594391294
26334.3,16137.607094394794,10196.692905605205,10196.692905605205
3603.73,12842.026806926995,-9238.296806926995,9238.296806926995
38342.3,12470.819956189247,25871.480043810756,25871.480043810756
919.7,6976.412681525036,-6056.712681525036,6056.712681525036
786.7,8331.71043210194,-7545.01043210194,7545.01043210194
4692.05,16225.656407579452,-11533.606407579453,11533.606407579453
2999.83,16553.133023863495,-13553.303023863495,13553.303023863495
581.4,12056.50594722533,-11475.105947225331,11475.105947225331
514.9,16940.52594391294,-16425.62594391294,16425.62594391294
790.7,12687.839156791943,-11897.139156791942,11897.139156791942
915.8,10836.025575487492,-9920.225575487493,9920.225575487493
13733.3,13392.18663263882,341.11336736117846,341.11336736117846
1786.5,13867.046526430402,-12080.546526430402,12080.546526430402
10698.3,10188.001405509282,510.29859449071773,510.29859449071773
14049.3,10444.52562365539,3604.7743763446088,3604.7743763446088
2150.0,13304.744122847755,-11154.744122847755,11154.744122847755
3936.6,13232.2532031064,-9295.6532031064,9295.6532031064
1370.0,10182.351254340221,-8812.351254340221,8812.351254340221
1875.7,6483.7282385461,-4608.0282385461005,4608.0282385461005
14552.5,11375.15225941001,3177.3477405899903,3177.3477405899903
4939.9,5788.421742625596,-848.5217426255967,848.5217426255967
420.0,2109.02450570104,-1689.0245057010402,1689.0245057010402
1130.1,15451.229770059963,-14321.129770059963,14321.129770059963
2454.4,15698.929833386177,-13244.529833386177,13244.529833386177
956.4,11685.279585298227,-10728.879585298228,10728.879585298228
17690.58,11436.04429313459,6254.535706865412,6254.535706865412
7152.21,12261.325023077889,-5109.1150230778885,5109.1150230778885
630.0,1556.801810104946,-926.8018101049461,926.8018101049461
3086.26,12724.462949927312,-9638.202949927312,9638.202949927312
3191.0,12724.462949927312,-9533.462949927312,9533.462949927312
3875.3,16175.478997274067,-12300.178997274066,12300.178997274066
3315.1,13864.44691808924,-10549.346918089239,10549.346918089239
990.01,9098.691695615487,-8108.681695615487,8108.681695615487
73644.12,17546.490738122866,56097.629261877126,56097.629261877126
1923.7,15189.58743489915,-13265.887434899149,13265.887434899149
1265.0,14305.741408484197,-13040.741408484197,13040.741408484197
35369.24,10977.270902200044,24391.969097799956,24391.969097799956
1250.0,12074.378778351884,-10824.378778351884,10824.378778351884
1100.0,14096.437038404378,-12996.437038404378,12996.437038404378
1160.0,10022.698286618119,-8862.698286618119,8862.698286618119
2160.0,8105.544613747578,-5945.544613747578,5945.544613747578
735.6,14437.44459802838,-13701.84459802838,13701.84459802838
1444.4,12859.899638053548,-11415.499638053549,11415.499638053549
22054.7,12859.899638053548,9194.800361946453,9194.800361946453
849.5,5749.847967216081,-4900.347967216081,4900.347967216081
1499.0,16147.881465339518,-14648.881465339518,14648.881465339518
1059.4,8448.828022551346,-7389.428022551347,7389.428022551347
3656.2,13601.735330996647,-9945.535330996649,9945.535330996649
18413.8,16361.14190576474,2052.6580942352593,2052.6580942352593
7188.2,13410.059463765374,-6221.859463765374,6221.859463765374
2017.4,5634.341533467182,-3616.9415334671817,3616.9415334671817
1711.7,11187.264292912147,-9475.564292912146,9475.564292912146
795.9,15465.958732536195,-14670.058732536196,14670.058732536196
2114.4,10538.739872162041,-8424.339872162042,8424.339872162042
1120.0,6147.978734499368,-5027.978734499368,5027.978734499368
850.0,7685.240057254957,-6835.240057254957,6835.240057254957
1064.5,14966.441239583935,-13901.941239583935,13901.941239583935
9984.9,11321.856347351968,-1336.9563473519684,1336.9563473519684
1115.0,10217.335012609712,-9102.335012609712,9102.335012609712
24820.6,15127.201482784672,9693.398517215326,9693.398517215326
1634.4,2633.5283018719037,-999.1283018719037,999.1283018719037
1553.0,6026.007175925253,-4473.007175925253,4473.007175925253
946.9,-3168.0203114637334,4114.920311463733,4114.920311463733
3115.1,14966.441239583935,-11851.341239583935,11851.341239583935
8543.0,16655.6717185186,-8112.671718518599,8112.671718518599
22295.1,14671.20038743886,7623.899612561139,7623.899612561139
526.5,15138.482116252151,-14611.982116252151,14611.982116252151
646.2,8785.589743177687,-8139.389743177687,8139.389743177687
1183.2,16361.14190576474,-15177.94190576474,15177.94190576474
3448.7,10187.976385170037,-6739.276385170037,6739.276385170037
881.4,35931.99589968319,-35050.59589968319,35050.59589968319
650.0,10117.21233157336,-9467.21233157336,9467.21233157336
3980.0,12047.392286175666,-8067.3922861756655,8067.3922861756655
7835.0,16194.468529088492,-8359.468529088492,8359.468529088492
5739.8,15222.249124813254,-9482.449124813254,9482.449124813254
621.7,10818.249849797132,-10196.549849797131,10196.549849797131
13591.2,10611.310107322437,2979.8898926775637,2979.8898926775637
1160.0,8878.619532161161,-7718.619532161161,7718.619532161161
700.0,7792.260473783943,-7092.260473783943,7092.260473783943
687.6,10531.526340537273,-9843.926340537273,9843.926340537273
1026.0,10929.657107820558,-9903.657107820558,9903.657107820558
1330.0,10124.22843560474,-8794.22843560474,8794.22843560474
700.7,10219.769976251215,-9519.069976251214,9519.069976251214
3623.8,10495.929184960381,-6872.129184960381,6872.129184960381
4560.9,15130.949387490802,-10570.049387490802,10570.049387490802
5530.7,15333.01298132052,-9802.31298132052,9802.31298132052
1870.7,12854.867822139397,-10984.167822139396,10984.167822139396
1705.0,4028.782166966528,-2323.782166966528,2323.782166966528
1033.0,10909.749295306405,-9876.749295306405,9876.749295306405
3502.0,14973.457343615315,-11471.457343615315,11471.457343615315
9388.8,10814.701653277823,-1425.9016532778242,1425.9016532778242
1420.0,5927.5475496850795,-4507.5475496850795,4507.5475496850795
5042.0,8097.9361789393,-3055.9361789392997,3055.9361789392997
1029.4,14103.453142435757,-13074.053142435758,13074.053142435758
845.1,12856.72845614,-12011.628456139999,12011.628456139999
3907.1,15630.791962559153,-11723.691962559153,11723.691962559153
17532.1,15557.458178045468,1974.6418219545303,1974.6418219545303
5277.2,7935.859980256658,-2658.659980256658,2658.659980256658
2177.0,8881.364738726646,-6704.3647387266465,6704.3647387266465
1168.0,10293.270456643144,-9125.270456643144,9125.270456643144
13268.3,15649.722501755854,-2381.4225017558547,2381.4225017558547
2831.0,10909.749295306405,-8078.749295306405,8078.749295306405
43394.3,10909.749295306405,32484.550704693596,32484.550704693596
13700.8,14858.774711023676,-1157.9747110236767,1157.9747110236767
2189.8,11194.280396943526,-9004.480396943527,9004.480396943527
851.6,5927.5475496850795,-5075.947549685079,5075.947549685079
2596.2,7388.3210305335315,-4792.121030533532,4792.121030533532
2896.1,3890.6463993451284,-994.5463993451285,994.5463993451285
10259.0,16728.24062483117,-6469.240624831171,6469.240624831171
1188.0,14858.774711023676,-13670.774711023676,13670.774711023676
865.7,10794.2428615575,-9928.5428615575,9928.5428615575
11719.0,11237.225911590449,481.77408840955104,481.77408840955104
1159.0,5536.833089911586,-4377.833089911586,4377.833089911586
1085.0,7935.859980256658,-6850.859980256658,6850.859980256658
531.2,8618.575793264687,-8087.375793264687,8087.375793264687
1028.0,5927.5475496850795,-4899.5475496850795,4899.5475496850795
828.0,5927.5475496850795,-5099.5475496850795,5099.5475496850795
1400.0,15207.502783379327,-13807.502783379327,13807.502783379327
18110.0,9621.649433741137,8488.350566258863,8488.350566258863
2498.0,15393.198283609745,-12895.198283609745,12895.198283609745
8239.5,15565.23916027796,-7325.739160277961,7325.739160277961
800.4,13109.909016891079,-12309.50901689108,12309.50901689108
3365.0,9715.096389284829,-6350.096389284829,6350.096389284829
2968.1,8434.87382217543,-5466.77382217543,5466.77382217543
1149.0,5535.881907227008,-4386.881907227008,4386.881907227008
746.4,10246.199994178854,-9499.799994178855,9499.799994178855
1292.0,15942.719765129514,-14650.719765129514,14650.719765129514
2328.0,14722.191308582336,-12394.191308582336,12394.191308582336
6853.6,12127.908870598974,-5274.308870598974,5274.308870598974
1037.0,14973.457343615315,-13936.457343615315,13936.457343615315
774.0,11307.880062589686,-10533.880062589686,10533.880062589686
3930.0,16695.634626080155,-12765.634626080155,12765.634626080155
737.7,4710.514055490594,-3972.814055490594,3972.814055490594
68960.6,16872.725098349103,52087.8749016509,52087.8749016509
5725.0,16728.24062483117,-11003.24062483117,11003.24062483117
16241.6,10391.361547425367,5850.238452574633,5850.238452574633
7134.3,14888.974002137422,-7754.674002137422,7754.674002137422
7910.3,9563.040322565583,-1652.7403225655826,1652.7403225655826
4624.9,12495.70889134718,-7870.80889134718,7870.80889134718
887.1,5469.199275099801,-4582.0992750998,4582.0992750998
2039.5,5927.5475496850795,-3888.0475496850795,3888.0475496850795
7496.7,9302.115428865653,-1805.4154288656528,1805.4154288656528
13739.0,16662.68782254998,-2923.6878225499786,2923.6878225499786
7097.8,10377.181555077519,-3279.381555077519,3279.381555077519
9433.0,11661.474078500858,-2228.474078500858,2228.474078500858
5932.2,9908.268979941558,-3976.0689799415586,3976.0689799415586
2214.8,5773.3598995500215,-3558.5598995500213,3558.5598995500213
939.1,8792.605847209066,-7853.505847209066,7853.505847209066
1776.2,14303.952165050032,-12527.752165050031,12527.752165050031
41114.0,13421.46091918588,27692.53908081412,27692.53908081412
4828.0,10456.91434970656,-5628.91434970656,5628.91434970656
2517.0,3724.327327806647,-1207.3273278066472,1207.3273278066472
3428.0,12069.346962437732,-8641.346962437732,8641.346962437732
4205.98,10909.749295306405,-6703.769295306405,6703.769295306405
13533.42,16368.15800979612,-2834.7380097961195,2834.7380097961195
6942.0,9971.620607430938,-3029.6206074309375,3029.6206074309375
5322.0,5137.751139943718,184.24886005628196,184.24886005628196
858.18,-176.64004810214482,1034.8200481021447,1034.8200481021447
752.4,3432.298124759856,-2679.898124759856,2679.898124759856
3965.7,-1129.881639717361,5095.58163971736,5095.58163971736
1144.0,3614.487190635959,-2470.487190635959,2470.487190635959
2445.0,12084.29150322549,-9639.29150322549,9639.29150322549
3334.56,9347.10902234566,-6012.54902234566,6012.54902234566
16528.52,10866.13192793292,5662.38807206708,5662.38807206708
7867.13,15282.495564574861,-7415.365564574861,7415.365564574861
1873.6,13150.774990995487,-11277.174990995487,11277.174990995487
3835.15,11597.403320325331,-7762.2533203253315,7762.2533203253315
19725.43,14948.589201698627,4776.840798301373,4776.840798301373
484.34,10176.15260887773,-9691.81260887773,9691.81260887773
2803.04,16684.623257457686,-13881.583257457685,13881.583257457685
670.0,9347.10902234566,-8677.10902234566,8677.10902234566
2016.68,15781.292915016671,-13764.61291501667,13764.61291501667
7301.31,5425.581907726318,1875.7280922736827,1875.7280922736827
870.22,12518.581276012648,-11648.361276012649,11648.361276012649
7920.7,12518.581276012648,-4597.881276012648,4597.881276012648
3697.2,8543.879569795987,-4846.679569795987,4846.679569795987
5149.84,15781.292915016671,-10631.45291501667,10631.45291501667
1233.36,16068.016424276526,-14834.656424276525,14834.656424276525
3027.94,16684.623257457686,-13656.683257457686,13656.683257457686
13668.75,15167.433655191238,-1498.6836551912384,1498.6836551912384
4799.02,11216.215831851234,-6417.195831851233,6417.195831851233
1520.0,15833.549595474837,-14313.549595474837,14313.549595474837
1077.0,14402.958989249719,-13325.958989249719,13325.958989249719
594.4,15521.621792904476,-14927.221792904476,14927.221792904476
17860.23,12518.581276012648,5341.648723987351,5341.648723987351
5558.68,12603.064617490541,-7044.384617490541,7044.384617490541
3165.35,10894.138811423933,-7728.788811423932,7728.788811423932
4215.48,8115.097246092775,-3899.6172460927755,3899.6172460927755
551.0,-733.8946165078133,1284.8946165078132,1284.8946165078132
1301.17,7344.703663160049,-6043.5336631600485,6043.5336631600485
819.21,7344.703663160049,-6525.4936631600485,6525.4936631600485
12525.78,16108.814598995854,-3583.0345989958532,3583.0345989958532
35303.81,15882.30319152474,19421.506808475257,19421.506808475257
1215.8,12823.298374711443,-11607.498374711444,11607.498374711444
25413.88,15521.621792904476,9892.258207095525,9892.258207095525
4101.97,11150.663029570042,-7048.693029570041,7048.693029570041
3432.75,7564.937420380951,-4132.187420380951,4132.187420380951
1052.87,15521.621792904476,-14468.751792904477,14468.751792904477
5230.45,9113.901927488536,-3883.451927488536,3883.451927488536
4467.43,10866.13192793292,-6398.70192793292,6398.70192793292
751.6,5607.770973602422,-4856.170973602421,4856.170973602421
6326.75,9628.361375592325,-3301.611375592325,3301.611375592325
2011.02,15029.538046601263,-13018.518046601263,13018.518046601263
702.4,11622.10357904876,-10919.70357904876,10919.70357904876
838.1,14896.520615866688,-14058.420615866688,14058.420615866688
3700.5,12037.061830260123,-8336.561830260123,8336.561830260123
660.6,8543.628242792223,-7883.028242792223,7883.028242792223
1651.8,12313.22103896929,-10661.42103896929,10661.42103896929
1349.7,10478.58262501346,-9128.882625013459,9128.882625013459
2445.72,12945.41475395213,-10499.69475395213,10499.69475395213
1419.9,10289.56484015181,-8869.66484015181,8869.66484015181
728.5,10289.56484015181,-9561.06484015181,9561.06484015181
1467.4,15546.147814173428,-14078.747814173428,14078.747814173428
10127.51,10945.302792526683,-817.7927925266831,817.7927925266831
1146.37,11377.431239414747,-10231.061239414747,10231.061239414747
749.6,15684.890632592118,-14935.290632592118,14935.290632592118
1636.62,12313.22103896929,-10676.60103896929,10676.60103896929
755.8,11058.902458172843,-10303.102458172843,10303.102458172843
3148.82,10660.771690889562,-7511.951690889562,7511.951690889562
1864.66,10660.771690889562,-8796.111690889562,8796.111690889562
22887.35,10289.56484015181,12597.785159848188,12597.785159848188
640.6,7139.343426116692,-6498.743426116692,6498.743426116692
1086.0,3112.9060618904277,-2026.9060618904277,2026.9060618904277
722.01,10152.981437710474,-9430.971437710474,9430.971437710474
10703.2,16413.710218133143,-5710.510218133142,5710.510218133142
11958.76,15381.81435814231,-3423.05435814231,3423.05435814231
16061.34,16143.82443337208,-82.48443337207937,82.48443337207937
3287.13,16126.986708873288,-12839.856708873289,12839.856708873289
32096.0,9593.738573243523,22502.26142675648,22502.26142675648
792.71,15116.004978658548,-14323.294978658549,14323.294978658549
607.3,15333.659545677612,-14726.359545677613,14726.359545677613
1878.28,9847.819310140852,-7969.539310140853,7969.539310140853
40843.99,14216.689486019384,26627.300513980612,26627.300513980612
5367.63,10367.368247078279,-4999.738247078279,4999.738247078279
22132.94,10289.56484015181,11843.375159848189,11843.375159848189
5274.83,12104.660654703655,-6829.8306547036555,6829.8306547036555
2120.1,3183.3205203430166,-1063.2205203430167,1063.2205203430167
24990.2,16226.311711391265,8763.888288608736,8763.888288608736
7149.35,9324.77672342785,-2175.4267234278504,2175.4267234278504
10842.76,11219.10747521492,-376.34747521491954,376.34747521491954
533.41,-151.81296983074816,685.2229698307481,685.2229698307481
1022.77,14479.511307621657,-13456.741307621656,13456.741307621656
2662.75,12587.025721657526,-9924.275721657526,9924.275721657526
33306.14,16687.51490082137,16618.62509917863,16618.62509917863
338.41,4157.192513660044,-3818.782513660044,3818.782513660044
410.0,5952.374627956477,-5542.374627956477,5542.374627956477
674.36,13993.029866810553,-13318.669866810553,13318.669866810553
7822.11,16245.277449923477,-8423.167449923476,8423.167449923476
396.56,3105.682271418582,-2709.122271418582,2709.122271418582
20893.22,16392.98508806751,4500.23491193249,4500.23491193249
1427.9,5676.215419247302,-4248.315419247301,4248.315419247301
497.94,6074.346186530591,-5576.406186530591,5576.406186530591
469.94,7413.148108804929,-6943.208108804929,6943.208108804929
1078.66,5438.737426924291,-4360.077426924291,4360.077426924291
913.67,3622.070033805243,-2708.400033805243,2708.400033805243
2234.36,18740.60304248076,-16506.24304248076,16506.24304248076
1583.85,19486.46642247039,-17902.61642247039,17902.61642247039
1130.48,19115.259571732637,-17984.779571732637,17984.779571732637
2356.76,19391.418780441807,-17034.65878044181,17034.65878044181
1581.0,18548.337734594923,-16967.337734594923,16967.337734594923
2378.12,15965.038157697523,-13586.918157697524,13586.918157697524
2301.33,21771.10948553295,-19469.77948553295,19469.77948553295
8078.09,21072.42601851116,-12994.33601851116,12994.33601851116
1459.9,19096.447612531007,-17636.547612531005,17636.547612531005
10900.0,11204.372378536835,-304.37237853683473,304.37237853683473
56240.0,23412.231155392168,32827.76884460783,32827.76884460783
21900.0,20767.784423862184,1132.2155761378162,1132.2155761378162
39400.0,17299.722051695353,22100.277948304647,22100.277948304647
12180.8,20663.33309887656,-8482.53309887656,8482.53309887656
15000.0,16070.035904962682,-1070.0359049626823,1070.0359049626823
29500.0,18859.112283755752,10640.887716244248,10640.887716244248
13300.0,10187.342112126677,3112.6578878733235,3112.6578878733235
27200.0,24886.97802286347,2313.02197713653,2313.02197713653
58550.0,20861.17912667724,37688.82087332276,37688.82087332276
14080.0,26383.947067728965,-12303.947067728965,12303.947067728965
11560.0,20861.17912667724,-9301.179126677242,9301.179126677242
87360.0,20861.17912667724,66498.82087332275,66498.82087332275
9800.0,17621.986786131853,-7821.986786131853,7821.986786131853
9825.0,20625.31609680887,-10800.31609680887,10800.31609680887
20250.0,22907.265611450748,-2657.265611450748,2657.265611450748
17450.0,23459.969517615922,-6009.969517615922,6009.969517615922
27625.0,17479.5376261573,10145.4623738427,10145.4623738427
21850.0,17297.348560281196,4552.651439718804,4552.651439718804
27178.77,29204.316739096732,-2025.5467390967315,2025.5467390967315
11377.08,12704.540899158175,-1327.4608991581754,1327.4608991581754
47724.74,29782.562320280704,17942.177679719294,17942.177679719294
26261.0,31153.5898995706,-4892.589899570601,4892.589899570601
14096.0,7772.3663380828275,6323.6336619171725,6323.6336619171725
35840.0,17256.3538172095,18583.6461827905,18583.6461827905
19669.0,22669.024828549223,-3000.0248285492235,3000.0248285492235
21653.0,28954.693025108616,-7301.693025108616,7301.693025108616
19318.0,25187.924971534256,-5869.924971534256,5869.924971534256
8604.0,18627.065734162992,-10023.065734162992,10023.065734162992
19518.0,23558.801310216997,-4040.801310216997,4040.801310216997
61235.0,24527.46194407447,36707.53805592553,36707.53805592553
8746.8,18283.780188062323,-9536.980188062324,9536.980188062324
47880.71,19541.311698373076,28339.398301626923,28339.398301626923
28429.91,22951.522720026693,5478.387279973307,5478.387279973307
45640.84,24344.247761068098,21296.5922389319,21296.5922389319
15025.0,7598.0853015668135,7426.9146984331865,7426.9146984331865
13176.9,8271.80863484322,4905.091365156779,4905.091365156779
9346.6,7924.969982173307,1421.6300178266938,1421.6300178266938
4391.4,7639.748361282609,-3248.3483612826094,3248.3483612826094
1106.0,6787.549090296582,-5681.549090296582,5681.549090296582
5296.0,8278.046214313648,-2982.0462143136483,2982.0462143136483
7132.1,7639.748361282609,-507.6483612826087,507.6483612826087
5563.1,5759.64783762849,-196.54783762849002,196.54783762849002
5368.1,7487.5578638723155,-2119.457863872315,2119.457863872315
14189.5,8198.0105327665,5991.489467233499,5991.489467233499
5076.5,7532.532499285621,-2456.0324992856213,2456.0324992856213
6450.0,7756.584361598367,-1306.5843615983667,1306.5843615983667
7203.0,8278.046214313648,-1075.0462143136483,1075.0462143136483
14445.9,7859.620784924743,6586.279215075257,6586.279215075257
3948.0,7875.815908089389,-3927.8159080893893,3927.8159080893893
15097.0,8107.290369718015,6989.709630281985,6989.709630281985
17303.4,7726.800146861136,9576.599853138865,9576.599853138865
2404.0,7131.2056000097955,-4727.2056000097955,4727.2056000097955
13730.0,8285.06231834503,5444.93768165497,5444.93768165497
3436.0,6496.786213089327,-3060.7862130893272,3060.7862130893272
995.2,6562.3390153705195,-5567.13901537052,5567.13901537052
4262.0,7995.82664458719,-3733.8266445871895,3733.8266445871895
19463.0,7646.764465313989,11816.235534686011,11816.235534686011
2637.0,6022.613865976368,-3385.6138659763683,3385.6138659763683
8779.0,7882.832012120771,896.1679878792293,896.1679878792293
18252.0,8285.06231834503,9966.93768165497,9966.93768165497
8286.0,6261.113442588002,2024.8865574119982,2024.8865574119982
1116.0,6357.797502350944,-5241.797502350944,5241.797502350944
2756.0,7494.573967903695,-4738.573967903695,4738.573967903695
11253.2,7850.2381607588495,3402.961839241151,3402.961839241151
8553.8,7882.832012120771,670.9679878792285,670.9679878792285
6197.2,6729.0123920467695,-531.8123920467697,531.8123920467697
1907.6,6443.858982712685,-4536.258982712685,4536.258982712685
4160.0,5759.450410035103,-1599.4504100351032,1599.4504100351032
34030.0,7882.832012120771,26147.167987879227,26147.167987879227
21290.0,8431.927554930464,12858.072445069536,12858.072445069536
4370.0,8052.836139387588,-3682.8361393875884,3682.8361393875884
1890.0,5995.496952031761,-4105.496952031761,4105.496952031761
10245.0,7087.234373081225,3157.7656269187746,3157.7656269187746
5190.0,6942.926266995655,-1752.9262669956552,1752.9262669956552
4470.0,7324.569840636877,-2854.5698406368774,2854.5698406368774
31485.0,7995.82664458719,23489.17335541281,23489.17335541281
14751.0,8068.893779095906,6682.106220904094,6682.106220904094
1965.9,6392.334888103703,-4426.434888103702,4426.434888103702
800.0,4167.21157544161,-3367.21157544161,3367.21157544161
17795.0,8052.836139387588,9742.16386061241,9742.16386061241
2285.0,6261.113442588002,-3976.113442588002,3976.113442588002
4210.0,7839.214644747288,-3629.214644747288,3629.214644747288
2281.0,7839.214644747288,-5558.214644747288,5558.214644747288
6558.0,6963.581324160595,-405.5813241605947,405.5813241605947
1692.1,6005.434111926452,-4313.334111926451,4313.334111926451
21224.5,7896.817623659362,13327.68237634064,13327.68237634064
7819.0,7003.221866740819,815.7781332591812,815.7781332591812
47325.0,8241.444950971543,39083.55504902846,39083.55504902846
2650.0,6423.001132924449,-3773.001132924449,3773.001132924449
950.0,5376.49195589135,-4426.49195589135,4426.49195589135
3725.0,7087.588232636313,-3362.5882326363126,3362.5882326363126
9983.12,7561.484038224712,2421.6359617752887,2421.6359617752887
4665.72,7707.826807480456,-3042.106807480456,3042.106807480456
51770.44,8315.243053048265,43455.196946951735,43455.196946951735
19926.25,7003.221866740819,12923.02813325918,12923.02813325918
10895.89,7603.147097940506,3292.7429020594936,3292.7429020594936
13426.14,8161.409269424397,5264.730730575602,5264.730730575602
10463.92,7419.932914934139,3043.987085065861,3043.987085065861
9933.44,5113.2420913378355,4820.197908662165,4820.197908662165
26318.27,7745.968907460591,18572.30109253941,18572.30109253941
8290.0,7575.964780193774,714.0352198062265,714.0352198062265
14630.9,7339.8972333869915,7291.002766613008,7291.002766613008
7424.0,7745.968907460591,-321.96890746059125,321.96890746059125
2213.6,-2084.6257391918325,4298.225739191832,4298.225739191832
2404.1,10740.695535705076,-8336.595535705075,8336.595535705075
1596.4,10467.824880600063,-8871.424880600063,8871.424880600063
1805.1,5683.27148016605,-3878.1714801660505,3878.1714801660505
2253.6,10971.808386028593,-8718.208386028593,8718.208386028593
1830.1,12443.757539708322,-10613.657539708322,10613.657539708322
2757.1,11607.07621837633,-8849.97621837633,8849.97621837633
2930.0,3407.9167325027306,-477.9167325027306,477.9167325027306
2120.0,4070.525686591637,-1950.5256865916372,1950.5256865916372
2409.6,7155.261566707838,-4745.661566707839,4745.661566707839
2237.0,8629.674973941623,-6392.674973941623,6392.674973941623
2046.0,-2185.098515633954,4231.098515633954,4231.098515633954
4215.0,11422.549615703902,-7207.5496157039015,7207.5496157039015
4285.77,6908.251050486082,-2622.4810504860816,2622.4810504860816
2233.21,7160.7948362044735,-4927.5848362044735,4927.5848362044735
7811.64,10034.620581322619,-2222.9805813226185,2222.9805813226185
2124.71,-2493.9365276640438,4618.646527664044,4618.646527664044
8671.97,12930.15972268773,-4258.18972268773,4258.18972268773
25761.98,12939.45110501065,12822.52889498935,12822.52889498935
1532.46,10001.64687493866,-8469.18687493866,8469.18687493866
7975.55,13909.56710880485,-5934.017108804849,5934.017108804849
6200.0,15933.68371581506,-9733.68371581506,9733.68371581506
14632.05,14518.55061534309,113.49938465690866,113.49938465690866
3105.37,18078.722108881622,-14973.352108881623,14973.352108881623
8448.26,14949.234881129141,-6500.974881129141,6500.974881129141
2040.04,10158.454465840936,-8118.414465840936,8118.414465840936
5000.0,8777.387660047636,-3777.387660047636,3777.387660047636
9660.0,8777.387660047636,882.612339952364,882.612339952364
4260.0,6740.486509707679,-2480.486509707679,2480.486509707679
4510.0,7963.146299220271,-3453.1462992202714,3453.1462992202714
783.3,114.95687327882925,668.3431267211707,668.3431267211707
862.6,7488.447321897128,-6625.847321897128,6625.847321897128
2255.0,3607.740224215419,-1352.740224215419,1352.740224215419
172.5,4692.987764703856,-4520.487764703856,4520.487764703856
65.1,1744.5235229339835,-1679.4235229339836,1679.4235229339836
243.3,1082.3392062267521,-839.0392062267522,839.0392062267522
581.2,-484.44271752771994,1065.64271752772,1065.64271752772
290.0,1988.0658751663282,-1698.0658751663282,1698.0658751663282
291.2,1339.7478965365751,-1048.547896536575,1048.547896536575
198.1,1291.9888783693661,-1093.8888783693662,1093.8888783693662
256.1,852.3911221834401,-596.29112218344,596.29112218344
82.5,-256.1059194617327,338.6059194617327,338.6059194617327
48.0,-1226.8103357858213,1274.8103357858213,1274.8103357858213
36.14,910.3539393886401,-874.2139393886401,874.2139393886401
51.65,214.52767248035136,-162.87767248035135,162.87767248035135
45.75,1222.5340792997238,-1176.7840792997238,1176.7840792997238
212.26,2821.7545162738775,-2609.4945162738777,2609.4945162738777
435.04,594.4552279731275,-159.41522797312751,159.41522797312751
66.38,146.37082922213463,-79.99082922213464,79.99082922213464
565.2,29065.486285231178,-28500.286285231177,28500.286285231177
58.2,2591.806432230565,-2533.606432230565,2533.606432230565
146.6,-1697.065838778185,1843.665838778185,1843.665838778185
71.0,29295.434369274495,-29224.434369274495,29224.434369274495
258.9,2498.4861981718104,-2239.5861981718103,2239.5861981718103
312.0,1380.4492631680296,-1068.4492631680296,1068.4492631680296
109.6,688.4253708061943,-578.8253708061943,578.8253708061943
225.2,550.8378605996443,-325.6378605996443,325.6378605996443
282.74,948.9686278829286,-666.2286278829285,666.2286278829285
790.09,257.4344167883613,532.6555832116387,532.6555832116387
1317.02,1135.3518477805044,181.6681522194956,181.6681522194956
15400.0,63925.39237187384,-48525.39237187384,48525.39237187384
31460.0,46252.552732782526,-14792.552732782526,14792.552732782526
170435.3,83867.81538190752,86567.48461809247,86567.48461809247
16008.48,64221.53635407694,-48213.056354076936,48213.056354076936
68032.63,64015.357687821444,4017.2723121785602,4017.2723121785602
