Latitude,Longitude,Rainfall (mm),Temperature (°C),Humidity (%),River Discharge (m³/s),Water Level (m),Elevation (m),Population Density,Infrastructure,Historical Floods,Cluster,Anomaly
9.886496196573106,93.4571455036986,217.26847119205084,44.14058025258165,27.023250057507404,4401.560983749086,1.4839472348736449,6717.8278665478565,8617.053380143747,1,1,0,-1
16.83379930602775,93.91581082362394,173.889171070984,44.136154835711935,86.38197131392744,169.925713123375,9.777671854533486,7408.740210102313,379.4992203303304,0,1,3,-1
36.619721161415,93.92758355091271,178.37953618469336,44.29077298893918,97.57888658299434,4939.105363161315,0.8651513224948593,3492.710380011994,9954.184696882265,0,0,1,-1
8.737154675578761,74.99499646421266,284.1743630118788,41.16793011960485,88.27756698334287,329.7489966998424,4.237329837680467,2227.9896822016344,8886.496148954433,1,1,0,-1
12.675417330366129,69.03670343951008,249.2239664161668,20.673764492942063,28.984858325784018,786.1335185745988,8.679009495573746,427.3444029214709,606.2883521958418,0,1,3,-1
33.88421095620936,70.73210054476232,23.43642923692326,18.02476008161194,20.74604047799125,804.6217026893194,9.584137819529207,2889.5675886748063,8485.496162540348,0,1,3,-1
8.20161178540453,85.42145345906141,85.40570573983337,39.686453566223626,97.44791149907914,4730.342287001546,5.998010220142007,1672.304432526309,9320.868567970325,1,1,0,-1
35.344381413463054,69.14410663475805,18.931567457603528,42.52853640533718,97.78531429260946,251.9726190380017,2.658623646816886,3769.216299758196,272.7010880462977,1,0,2,-1
17.3728850286019,68.41964860358308,22.436449350859554,23.178406845579893,91.45186904124436,992.1283353585164,9.966696089720363,524.9825435909838,6317.646262951045,1,0,2,-1
36.18168039890786,84.04945727374809,96.50521400011031,29.88460317852581,85.42662229931791,4642.198076778845,0.3307460886313484,8057.138134154521,1123.9276159253295,0,0,1,-1
32.2237723720879,71.64276840208876,81.67630781533983,43.8533606593337,99.89996093276534,4851.295932826665,5.7496691363997465,6538.223079881015,9036.996042599938,1,1,0,-1
8.481047038907828,72.05765033958284,21.607999719100903,43.240210536995136,93.198647614621,1197.3399870403011,7.175885638250628,7466.682876760712,8567.112993261018,0,0,1,-1
34.81611493007832,79.24905733960017,273.6090769354124,20.24800688252368,21.326197734847057,4427.843870955121,0.3764239986344619,5993.25066262126,2453.6643894299714,0,1,3,-1
26.618917738474345,83.1167648608979,18.010893900707604,42.29561860194437,83.04311795582512,7.416452161251308,4.698426821245846,16.036057279327693,9367.856689281996,0,0,1,-1
8.146785931540341,68.82526436347375,179.41374674010703,20.226061009295996,99.25407822606466,3305.473996524812,8.498381097667531,7266.3729809104225,8807.147310547358,1,0,2,-1
26.303020153920624,75.59083320207368,297.0978283580597,16.392813672181802,23.770521930504465,4635.125446583495,0.620096193665074,7246.328035970549,6191.831918262995,0,1,3,-1
35.91680402565983,69.55279487588757,284.7396458749993,33.56676693415425,44.58263564534174,1855.46775962382,8.035475776019341,182.91779084537865,2244.2568334974444,0,0,1,-1
28.72328175830181,75.34411552816728,150.23384728218045,43.10536788853489,20.638550267483183,4232.222987674748,0.1058189259799424,8207.31700952151,7788.125716570928,1,1,0,-1
10.837190658879043,92.90560352557084,290.857968191966,31.694469182701894,24.275605560045346,4898.925249799567,3.359920408309799,171.46924417406936,7546.865329781749,0,0,1,-1
22.25686037838814,71.66978930268884,294.3733802047172,28.66201971491745,99.35096495497346,4587.489989603223,4.507952800131594,413.0997943173668,2195.1286745166253,1,1,0,-1
35.87452635089351,91.7377348172596,280.743827544818,20.93037252707046,61.68386102263658,923.105658170134,1.2135377603565167,3160.4111371560853,234.29054025304265,0,0,1,-1
33.446688392284535,93.00043848936672,108.34125513171736,44.72813466777143,90.25237724484836,570.9611735614977,9.631448446082192,1791.4063414842556,8830.68405446599,1,1,0,-1
10.990592196242046,72.98188417485524,221.02690359942696,42.89599451894908,90.97687944333576,3618.943856995148,9.97063494459672,1687.7793823003062,8502.450038338407,0,1,3,-1
33.74342129999069,92.32105748028124,12.605577379907896,38.86693384175368,22.60159007457294,2089.071047449384,8.897347936877923,199.68093566379832,7232.1200268525345,1,1,0,-1
11.39494347640057,92.29414386005703,2.2260923641950536,16.807718726152007,73.7522145586988,4789.4795306220685,2.6588131475356915,2465.792005202459,8901.362852770471,1,0,2,-1
28.48102458753839,81.22243938729117,49.74899281184813,16.43938983634965,99.66626994597956,4958.549112604195,9.714699060403111,2860.744967255333,3251.746640671039,1,1,0,-1
34.28427716774735,94.18412932373776,202.7444599248276,44.44284241440289,23.14086379096868,734.3556389474281,0.0365292565193542,5783.206032555981,4482.14104024986,1,0,2,-1
35.903003905761715,72.68967057157313,293.90043912671973,36.86126113804947,93.23124283715757,2220.3400968926694,0.8728818124243176,1801.70839172411,417.7881845769116,1,1,0,-1
28.24668970657261,69.08036253781168,129.88413635862068,43.94834446477149,95.72931516718992,4613.416865746763,1.8742102784980164,7979.9558787260285,4195.294091678356,1,0,2,-1
36.63100775013339,89.45409478614687,290.7005622426459,19.301109350859637,86.61870286260091,1642.6234909570137,9.996898773860396,2411.460103514143,8885.83442269182,0,0,1,-1
36.42094468327883,96.7332393224322,67.4194932515094,43.21189297722516,56.03326709870754,3275.0253818456777,0.6916559756443375,1211.6475809503738,2399.628704235952,0,1,3,-1
9.185189871727887,81.74367306642456,291.195489914337,16.5053633074909,63.62336780050793,4546.332963687804,0.791906725341851,5725.8906191915685,1118.5277688444585,1,0,2,-1
21.41350676786129,92.3066168406315,279.2918742728533,33.11836890388952,27.201521748173548,1255.3212459092028,8.86815828185292,556.6324898655298,266.18825257113565,0,0,1,-1
15.80805369753205,89.77353005985873,260.34837411941083,17.45055436759823,39.5377343193808,4948.006900461659,0.2245209122630043,8506.369156580047,1078.7359126662243,1,0,2,-1
36.60894221499641,69.3910591988048,161.4290806418511,17.694568203818466,32.039728618936074,897.660172473177,9.666413898085889,7437.963603527092,5692.38077417909,0,1,3,-1
12.43291503634563,72.03644627998162,254.603869412567,42.36904966696451,93.24175959943878,4103.571750457252,7.954188312706285,8344.443183455904,1690.7147002037882,1,0,2,-1
20.337656719876087,69.98210277199765,284.20155362423293,26.64840692562783,21.58680197057725,138.51334379002878,0.320053816872381,8263.901060518496,8561.70629597288,0,0,1,-1
36.70884673930841,85.087139980126,294.4230961103717,42.583076280865285,66.59060901866965,2321.303067122712,1.551247508591812,161.71015472231295,415.734452728912,0,1,3,-1
34.956345183186954,69.08912602246549,223.12880227586703,38.392223153625565,31.871580620609503,4026.153696734361,9.113575574919984,8328.329780077944,9887.527793549869,0,0,1,-1
11.604619481080796,68.32348303204309,241.38673246212136,43.52304222841197,60.32667648955888,1295.532299366478,1.3695191871664825,7444.995646618496,9870.4379510872,0,0,1,-1
34.08766262496249,84.80871607762023,294.7829974214233,43.35107205250853,99.61770026849048,4841.858549101285,8.462933063317603,4533.104137161216,7510.899938070002,0,0,1,-1
19.13284541982313,93.43749211076464,93.52921549563888,17.46284179772322,99.33501901249004,4793.124808838958,9.785755527377964,6372.801157815565,4091.507037236893,1,1,0,-1
23.470371667313323,89.76519544020572,273.41836104218515,44.51430767585133,37.84704912652658,516.0521672514074,9.121949991163447,7928.351258843862,399.1642403885443,0,1,3,-1
34.841486874296514,78.79961931502532,194.2785352839046,15.362512365432863,22.281695776337145,4642.248146187972,8.092133595761617,3296.94398154427,3754.011078061024,1,0,2,-1
12.084853591014197,78.53838190353167,297.1123568901636,43.73558783270482,99.35766422121816,1762.9564717801145,9.686976700757764,1853.468372167222,505.5164535000012,1,0,2,-1
30.490300884155307,95.5365856762959,83.43337422730693,19.92709219860886,20.30285869059174,3043.9221331870726,9.88731634057632,7696.956804054592,1903.8486674916144,1,1,0,-1
19.622128765384453,70.48851237957372,52.593273154391895,15.413273578572795,40.12715152566759,997.5432949695067,9.154949553979442,6430.099760718249,9533.501121693234,1,1,0,-1
8.78578378260102,70.9067244671123,281.94799279327435,42.08738506061754,83.75221466354056,188.53800868779413,9.791831168803771,1022.5953620036448,9721.891342858436,0,1,3,-1
34.51466539025447,73.74502163299154,46.45799925647452,41.97381303019836,33.808009492087464,4353.950536322772,3.738309182220268,8520.818547418274,8634.683452676754,0,1,3,-1
11.969683271995413,69.68587993977803,297.9024108852493,17.659127095957047,90.44763942558107,816.5482086988391,3.655351371840749,8356.376765999099,4969.182717402318,0,0,1,-1
30.35645390862884,85.17351523244733,241.65805872151,44.05972133366329,21.408889869035875,1405.7262095309952,9.255799553590409,8776.344357167318,1421.7220833681265,1,1,0,-1
18.46824301126077,93.2419140281907,136.58995432420303,42.88331969220731,99.20270870147674,4221.302333408962,9.388254872114675,2460.1849334136773,1149.811546834575,0,0,1,-1
34.60209368840504,94.87451762583362,247.07228320539213,38.66339494851184,20.55807482280481,4952.30540299512,0.7756060999318282,3465.177807529419,836.7527790028417,1,1,0,-1
32.03854875036964,68.44899131498795,206.95548862389043,42.07294947826857,25.511312057534656,3189.006312304821,8.961471525631678,1035.6608217294097,2102.2539117468896,0,0,1,-1
25.291826475979537,68.07118300687148,253.22362031467048,42.352953188201,48.95447005541887,768.6244411775806,1.667652830361136,658.352572934877,294.1806366174593,1,1,0,-1
9.895333883169329,94.80029052496428,228.9569612158484,38.78210982807707,86.27803520185734,4502.807175011447,2.8624975245077646,8151.1880243105825,49.32792860177449,1,1,0,-1
17.243822585030028,94.80517429521544,295.8749569415653,44.08725865444177,87.73837133662072,3438.2906955148364,0.833753359774605,1028.8855783040506,8633.203557214798,0,0,1,-1
35.23296325687399,86.9840233781146,167.36289476065514,43.37307887036091,99.52331620129212,4628.405035125428,4.714945575154022,671.7906207154806,5220.25031939635,1,1,0,-1
36.94008920546679,96.65790128908225,172.73057446568532,19.66704182296106,37.83265995435925,3517.530303222717,2.5812406643862804,7522.358958305976,1106.4340160397835,0,1,3,-1
36.53842060677956,70.58029054021081,141.12404281344297,43.847377834775656,92.02552973307154,1229.985666933041,1.2407900479996636,4636.784921189407,1834.015505916925,0,0,1,-1
30.80400541805101,96.88821202160156,273.9326360758648,42.48251956744126,42.430000529640566,4487.989104448486,3.1878406315415364,8778.886631416432,1927.978585160888,1,1,0,-1
33.49443091930277,85.92308821563175,277.4416437574941,31.42528943437369,26.024572100902823,4957.067897261442,2.1167577000294155,1461.0411368588798,9133.118595391305,0,0,1,-1
27.662468424212843,74.2694686422438,42.31527632107096,41.3723696478647,25.288247709996725,4656.140854947561,1.567974815772305,450.0901517405897,9009.02423383617,1,1,0,-1
35.926768111910846,88.99028052228518,46.21823811916028,21.03819115553452,32.507837580044495,2017.973196629363,8.704804520715907,606.2258377424558,1460.7189771793394,1,1,0,-1
14.180036416727416,71.20700397495469,222.1093716468284,19.23090225854284,24.05034022915931,4561.522622554068,9.141244092026335,388.6687823498564,2070.189996670233,1,0,2,-1
30.356733494677503,72.95931477812863,3.380833856819488,15.202216907672014,95.53583781047098,1533.3330244104066,9.791503732512744,3631.6424180472623,4282.431323916945,0,1,3,-1
34.704587586654924,78.47188957816753,55.54396252183547,18.35136846307256,99.51069556616966,1024.4915342494098,4.648471003633045,8215.32547479015,9773.76957121264,1,1,0,-1
21.964148193863952,88.81816768280665,1.8066121105219104,20.046963539787264,95.54743022265929,4944.233975845921,1.0721198570894586,5631.888507866478,836.5371474230587,1,1,0,-1
11.042975174127072,76.7008839372694,7.824986005416545,44.99091628977207,87.77617439815882,4639.0550352179325,1.21929799339065,61.5883891822359,8727.33723176922,0,0,1,-1
33.281723431173845,74.72513253129853,107.59106036237262,27.62011424548213,99.9912451705114,4911.060171142538,1.241979030630248,880.8145664849651,343.7887003725593,1,1,0,-1
36.30009241875481,95.4104688130268,209.38791332637695,40.63576932799789,92.7923899127176,3414.467785833376,1.0623547202286898,6698.369903948843,341.38053807508896,0,1,3,-1
30.901256707131896,71.3245583639855,270.9419221422542,17.08867614675801,28.267891801982028,390.37445237604,0.19233837504258,6865.530514752667,8494.091228126797,1,0,2,-1
33.32927390436816,71.86826989570453,44.702563023495344,41.48902366944529,99.66398901302864,4738.448674414756,2.025709010200712,8362.835060408921,5267.12908555279,0,1,3,-1
21.7642953967446,85.11734759253113,291.7858389668919,31.45374426110681,99.81800784847684,4437.045121244091,5.26557824958654,377.34875650147086,850.6524246084024,1,1,0,-1
32.48094302010672,73.56442467996834,257.1353851871705,18.051068510242832,51.324481882073,4639.345558993597,0.300216846274719,7140.195458323712,9476.842734679734,0,0,1,-1
8.881224731208269,96.59284876134517,204.65305010985156,23.86057218615523,97.45435975795652,4393.430771907053,1.4961634988073558,6878.083409152879,8087.068204616607,1,1,0,-1
34.99751216970236,70.9201144320103,9.690573874604535,41.85655460167793,92.416410545405,1870.199197868529,1.4163057016514802,6065.433555463143,2106.83311838741,0,1,3,-1
10.94120402502728,70.01491956162242,33.09668906372344,18.94050254155711,29.450637405135403,3505.2844995727023,8.875509035359737,8023.322982658447,7217.161867872962,0,1,3,-1
36.74642381736346,94.09302884567948,16.953282277355942,37.52853047559174,41.2528557973818,4014.120823563284,0.9106498518836316,1036.426636982546,9440.941753204712,1,0,2,-1
10.303161700680612,71.79130744427765,294.19625746876164,22.170896494182536,99.46822588409223,320.0155457087006,0.6360987672651108,5245.352508455769,3062.263881692548,1,1,0,-1
14.573035664582653,95.54869527063391,218.27473496849183,24.33297560445743,20.896431444597702,4990.581573001405,4.014996365129426,8538.486123154567,4921.4741222412,0,0,1,-1
10.013291439636708,78.94881726687116,14.714966480966329,41.32203088024119,59.23744621368191,3723.7313169209774,1.411574949452642,8762.261015529028,1010.8801900665432,0,1,3,-1
24.306607660459385,69.89059126335604,254.03015985799908,31.416957621349948,44.34728673631382,4540.025950107506,9.507615122621331,862.0847278484569,783.6559442556401,1,0,2,-1
16.860205009082684,96.9637509973482,2.9769621489263765,16.81356796943654,75.3647112341955,4699.604365113607,4.922238026840637,7143.913701397339,1529.0001540909216,0,0,1,-1
16.835695033843184,74.3742206468958,267.2751841694709,43.95143699230074,25.938074513899025,4526.555738899507,2.78493985918012,4943.949106902354,9960.27633330064,1,1,0,-1
11.843215509513604,95.48047254662394,54.04110813966187,15.213825084858636,34.54708397985592,4606.716359092597,3.332795295388664,7370.583246321975,9434.23100410628,1,1,0,-1
18.65849824645441,75.57268718855923,59.82865749118702,18.0349062367919,98.07281282074187,4306.850680557054,8.391884848278139,7381.728893135016,146.2959159264865,1,0,2,-1
9.779139186209376,71.40640011109514,118.04001562208374,41.850382698793865,94.57100214722811,4990.161376097953,1.6398337268159568,3030.9183747513275,276.8440274830253,0,1,3,-1
9.675636268894632,70.20284832198259,85.83627234713616,27.60449738545733,36.01079797047383,1514.9370267196937,0.0972997376724049,497.0036192695606,9453.21498936183,0,0,1,-1
26.092979252457518,74.05627359310753,296.8065045382557,32.078594342884024,21.92820054017288,923.4167598248588,0.5605096492721118,7186.187444940833,8658.02427285053,0,1,3,-1
30.76547977127465,71.2002966401784,295.67238897130386,20.175751623673047,45.831272762600285,2106.277358427739,9.98779005208254,682.9499377868025,8598.03350293592,1,1,0,-1
30.82019820140356,96.617101231217,3.6345810328807016,43.39950250167527,52.67680458364434,338.7949159517722,0.0598700298371945,8494.478776851247,2474.058444212226,1,0,2,-1
36.08617455023713,95.1426994581295,198.3251301806564,24.507090132846432,80.2604313562742,3345.7763117680206,0.0422720858024183,2260.446887594584,769.1459571949532,1,1,0,-1
8.151658792744469,96.27130346950604,64.63319613353674,20.682905918492324,45.22779111444687,1114.0212036109192,1.6648093970490063,7234.598111969906,9149.125173056624,0,1,3,-1
31.031722607035444,76.5847119940977,215.7166193330598,17.36434347643685,20.14754535345933,4155.884942647661,9.107407591655988,97.8635113581106,4117.88747380415,1,0,2,-1
9.880754240006082,74.92272583411685,84.28831595190647,17.984752729037506,24.982064840876497,4762.556025695862,9.208840676943211,5020.478219423888,7221.902531752403,0,1,3,-1
15.162385173087994,70.32094452321216,1.9548947075625824,15.238817038967742,91.71305894234314,4738.519522114035,9.377472293250452,8651.74780923252,8969.75700915981,0,0,1,-1
8.974794405315196,95.83519706056742,294.2228175675593,16.7157691014414,58.09232575303133,349.9325512242962,1.4348388927216282,1303.128166206817,8221.304541026211,0,1,3,-1
8.632878506489195,73.0618306216014,288.017482729432,44.95144545291038,24.58678081780083,28.557765901522924,1.193007232529515,7862.416561037855,6380.056328117161,1,1,0,-1
15.544575937899484,69.75296076657284,29.043616978542943,37.46938899881482,63.71760527366117,4680.787407284724,0.1892842053572929,8723.141238147047,6147.557755051786,0,0,1,-1
36.45761562442016,84.39002443049418,158.63838354112465,22.581817939591367,30.380690128370844,4772.668646548359,0.7436240846680742,8266.669499416903,2535.7176593033305,1,1,0,-1
33.457072266409185,95.77676039058451,1.040537773048611,43.596950890926536,74.76952212154174,4925.059132309905,2.442834934020296,6527.016458747044,733.6479974147403,0,1,3,-1
35.969822963123534,75.09071742298833,236.7788990973855,42.48667776089329,97.9277574995831,57.46710746671325,3.2700701778991617,7749.826171850647,8738.747427067015,0,0,1,-1
31.004579162709376,76.75159747095202,24.694589486198627,16.731838764069966,20.85339285562168,227.94332263734063,7.222337134726492,1282.9330669662345,8473.698676609414,1,0,2,-1
36.52212270874144,73.39264991633978,51.42994235345649,23.759201209238583,39.47718353282252,3124.727360679733,1.9229210992925985,125.32311144611614,9785.707362107423,1,1,0,-1
33.59007468381282,90.03991759159808,243.7185725238141,25.45561333026962,26.426813655017128,355.236790286746,0.192774359685004,6636.508189677159,555.2631900700455,1,0,2,-1
12.812691963577766,96.68315949873744,288.6784995413697,18.087695205368185,76.35189306624433,4566.981310329382,3.160378297282528,6718.172181183433,8468.026588004934,0,1,3,-1
21.318690718023205,68.81967633044935,87.28512766563867,44.77484030688218,26.2488349371326,1352.249442835758,2.6022703606805733,8198.255356164547,2311.8765955240915,0,0,1,-1
18.376149694437814,68.43239766048943,180.4478858924824,15.62066048526268,96.43699104283806,4331.417013171057,7.725238719006051,902.5929765783342,1349.8464839271207,0,0,1,-1
28.648406589592643,72.00280065919901,288.17768635685377,40.66591214948711,20.13630624328449,2935.9368174726565,8.733754434083526,6139.290530467042,764.7797619888186,0,0,1,-1
36.32720952680912,77.14918698798449,19.582315410497408,42.61590445833491,96.27259124745775,4341.700807136934,2.388458703600308,1515.6317613008953,4159.829942200547,1,1,0,-1
34.62422001377537,68.36518576735735,19.356723329293438,40.3857412975441,31.593299871021728,199.15395155353733,3.497627143662449,4092.241283314732,5540.450747932197,1,0,2,-1
35.92150035514675,96.51326361295862,222.71291486179135,28.66766526728309,99.07889762562009,1432.286738781554,1.5232617257433756,4220.005552261405,1306.126147126295,1,1,0,-1
10.799499635667784,73.67933801493278,16.38788662994537,15.43405608219434,37.657448611183085,776.1025218928646,9.032967579593263,686.1615667055996,1012.85143167145,1,1,0,-1
14.945794927376603,96.76911573957923,52.84234016225299,36.96504512622565,95.94125724388284,242.62615039434888,7.765474537321833,313.60526002415315,730.1822647859668,1,0,2,-1
34.379177763661176,90.57803774003771,13.00161999074392,33.3827472252634,65.3818371542556,758.396815744391,0.9429874872294776,25.90899754594617,980.0757025560358,1,0,2,-1
36.791688330973045,87.84208044706274,295.5286570019393,15.16389972725635,60.01782711271163,858.6186698085935,0.8761917147300979,5456.149488894138,2114.126056491138,0,1,3,-1
21.23085875971072,73.46205932539405,269.80775990285224,40.51495195678219,92.60896947147324,1004.3003654007898,9.770302984806069,855.9141043690073,635.4558398417475,0,1,3,-1
8.293804336804557,73.62756252712255,229.35496831083955,24.85708585445493,25.567514834674448,1508.8997492129658,9.702259190313267,252.5007693390315,2006.0089557628144,1,0,2,-1
9.268433096959471,72.4269364200176,139.7945346114454,22.16891161623171,26.335878147040592,4356.825222785908,1.4854367930308987,8184.604442428365,610.9120405343938,0,1,3,-1
35.95650480641336,70.93263045726809,44.442365316712696,18.87544922608704,53.83396907414952,648.1602035619455,0.7690045178255589,7782.38727306523,140.5585466871928,0,1,3,-1
33.763706496951755,86.7315792657599,92.02974619588548,23.61475486300713,98.95613490415506,604.6018710406131,0.1256292737477382,7304.964837307983,9081.01660328514,1,1,0,-1
36.53638173310347,93.70938945044986,5.824667962969688,33.672588023800344,41.31449102001746,3347.0060576468118,5.28115874590989,498.6646358533734,9482.243347873842,1,0,2,-1
17.871226023380665,77.61901729852818,298.8345510578737,44.17640641319358,24.12407831939662,4708.286925354991,6.918786723440134,8319.239583520734,2962.20279365546,0,0,1,-1
32.17584889618998,74.72708511257579,221.51764958584283,40.04022365041091,94.8357783719769,4851.855006949138,0.5555837002227604,2514.0733152163075,2647.3856884885217,1,1,0,-1
16.76766423119332,68.17653839829211,70.59251942261122,22.09489438703831,94.08282685885378,1635.5088083741798,8.69500675657173,8045.396490389821,9933.685995143924,1,1,0,-1
19.65158521897541,76.37773168185258,291.14299393253475,17.23206173185472,78.1730043556191,301.19249888990174,0.2230152810547203,6316.700758065758,9830.44520862818,0,1,3,-1
9.14432645383608,71.96415716018205,289.6671257292132,19.599605358936486,86.69103012517682,3105.777454877127,8.47224211588869,7666.421514311435,336.0020170196576,1,1,0,-1
35.9568365677999,87.72618775707637,228.4521929029571,23.62934659077692,22.367781856970428,4570.5543968796255,0.8814631719481048,7958.9276213392195,289.18066217199055,0,1,3,-1
34.37418371718002,76.47766602721809,259.8533764935157,36.85794466619199,98.62405814904442,4543.180142399096,9.00032363274916,4077.1649597504775,7960.847334232076,1,1,0,-1
12.315083112748354,69.87839378623084,11.050745130990991,43.15864046443157,56.25407466330042,1993.0356571744417,1.5571859644383734,7423.023468185693,8549.51192887607,0,1,3,-1
33.10173722311201,83.72079876675124,292.69563941738147,16.650411449764405,20.17774746637173,488.4605763055888,9.06980313701082,819.2097554533708,3853.8142910878514,1,0,2,-1
35.72536716474606,86.9922537614171,264.72636254608506,16.910139991973658,89.69563216179884,1608.197876302724,8.959483987688317,308.55547804355155,3760.325122607748,1,0,2,-1
33.62047812659576,96.6973794388964,109.45231837148206,15.642371868144776,30.041646562250133,3205.8206499143325,9.824695290855564,6944.989628452505,6479.723146744895,0,0,1,-1
36.93680481477737,73.48149495270208,228.20089145026668,26.482235575929487,42.04197422919464,55.54515475344135,9.584669379060625,3927.672239847213,49.50534916140836,1,0,2,-1
16.5439624940396,69.55721845024185,282.343484161164,28.787019266626448,92.5767880424438,629.7881754458967,7.49635549478091,1477.9870352326575,400.8100087403976,0,0,1,-1
9.45655433245524,87.66729495308297,265.68654703768414,43.51642077447969,29.768915430382865,4866.810263420937,1.2184834235950903,6379.168410186136,8932.755591603081,1,1,0,-1
16.149130468352695,69.72625970928286,8.12509644846232,22.597298663735373,97.71156638794976,16.144425761255853,7.859769744504907,3012.10181621123,8388.091404916186,1,1,0,-1
30.485038361690933,68.91225866213476,11.87867153972334,41.66657019019439,73.15843950915655,763.4714389696701,9.676401196758068,1302.8171146014035,2971.99231819244,0,0,1,-1
26.89755305384102,89.99493275299606,264.40657209172485,40.89796750475921,99.67722430567096,4092.184954547848,8.904552727220889,1112.756289677547,9933.545927151918,0,0,1,-1
26.7001455166471,70.08241881791861,291.03052929946847,18.03343128558282,53.36473388571149,81.83791751184721,0.6492471760350693,5797.71157048902,9427.651901206347,1,0,2,-1
15.151505414362711,84.52152766652806,88.89907532755696,15.450998872859657,93.0305461422081,4432.856352752377,0.4052765327548002,167.239436569909,7785.61291269868,0,0,1,-1
35.920282157342974,94.77210482523355,0.2975593408881205,39.9304620916039,73.46138961432953,367.9892300775023,5.674086784839584,7255.036492563707,710.9586989685446,0,0,1,-1
15.014905529273786,95.12225911743565,3.316319609102858,42.03253272632043,48.0024693953107,2563.7864112789125,0.2003839454371492,923.6768962418728,1372.496473633732,0,0,1,-1
31.401999235635813,73.17745423165172,275.3177427273707,18.18281513111566,53.02157203890224,4603.658537810035,0.5244470416486613,234.18485734739957,7042.447750331102,1,1,0,-1
13.710845429149424,96.53652635569446,286.3488085364339,24.003323928756984,80.75995975020604,1098.6397950793958,7.230555969885584,225.7230113221584,9885.738323637872,0,0,1,-1
36.84975952501258,78.41770307802997,277.9948224193709,42.252866857840885,95.39186650452083,1965.3858691205048,2.980911276601547,451.2064870965871,303.0186856836548,1,1,0,-1
25.213267125984792,95.62020014785024,271.6179698787016,43.55364319410452,99.5350213058774,3977.809080852059,3.5768985876366943,8425.43825451659,5415.2777845809305,0,0,1,-1
34.32906501960896,69.6833437735366,241.49656769283663,28.98822721602671,54.618482890826,4568.5287128081845,9.335368914530015,8674.134192927935,8739.655441857425,1,0,2,-1
35.84393252775797,69.53191469003997,205.56322390154077,26.138568372254355,22.887201514139093,3801.745981532462,3.966547944410314,7014.160724600851,9761.056855869088,1,0,2,-1
36.80439544726596,94.6467094865084,12.866027951823275,25.452379854876845,61.15226919618313,4994.166188166056,0.3707893915504379,6910.010210474225,8239.732770956158,0,1,3,-1
35.282751094590125,70.43459818349373,233.7134610592296,40.85787681347449,93.72500691631002,177.80658133190298,1.9247126079543453,1366.5977935693695,5960.575507962776,1,1,0,-1
20.331617377693124,93.73143905154257,2.6982878452293413,44.340869188595086,25.42418797749433,215.17578460974292,7.968704245386379,1252.1212293527835,5061.348513658799,1,1,0,-1
35.05482101452049,70.47569460047039,254.22626628799676,16.242085775528082,78.0235455154339,737.384576489435,0.9932300436120932,6720.475469480512,3831.841852359684,0,0,1,-1
8.331121520168136,69.01966068537052,82.86819406958202,42.67803730960436,31.460455207163164,4044.6245001169946,9.07242314466554,2265.632914249571,1413.9602547129082,1,1,0,-1
28.44125929125807,70.70454348524412,271.1189928640913,41.47204003379548,32.59707285728201,46.47449045027341,9.05950365087117,7918.553377683724,3926.2798402544818,0,1,3,-1
31.69671611845197,94.70569857707564,29.52896069680208,24.50982679329089,34.474618226779285,2989.797280559126,9.645719609910026,342.07971094449385,9928.772789610248,0,1,3,-1
36.04402298242824,94.3358296402583,238.9199966311938,33.22300676910106,21.885348886452807,726.9504743685607,0.6388746629492625,6831.33861974543,9057.560110910266,1,1,0,-1
24.028505195837813,70.17337636825641,1.084758531470309,27.95966911951256,55.99267752280534,14.658316982592568,0.7271334237168625,496.2528665268093,9024.04465236459,1,1,0,-1
16.057730506601658,69.22849602663068,22.554175504207773,43.06261333270573,63.66843475013104,1150.389030098292,1.0565338489079723,8266.14773850997,5149.7768124084605,0,0,1,-1
20.528548900240672,83.58270992044925,236.31623618883148,24.046955682287525,26.74887479340862,4687.544092708153,1.4802072001369715,8804.756961393618,9666.395666691791,0,1,3,-1
8.262570685830758,94.36218729811284,237.45932134951656,40.20297047003078,22.00055762687245,2661.5770762631023,8.222589969131475,6511.612712412777,643.7807923431204,1,1,0,-1
29.249270768798787,71.04323622951054,3.5936068410493016,17.913295647065,55.1439007438021,1436.738056773117,1.3584281936517006,6536.601658807461,452.7674009374561,0,1,3,-1
35.04860473585008,85.79026537230646,40.22494265941409,15.222363794283943,84.80519037733455,4669.409699650025,6.07351475427858,8164.548193779701,3783.982171920148,1,0,2,-1
33.56902774346173,80.1568002108513,91.27598502292862,15.47604742097452,30.554998780741947,490.8911005058525,9.48334410141744,3332.3541846868748,9815.131067100796,0,0,1,-1
9.6742326175284,68.71524696064232,111.01861886099267,42.38321303771311,91.59972711955506,4505.140990037955,9.821271100809213,7726.592199889228,4307.000428038386,1,0,2,-1
28.19646440404711,88.35903438598213,290.16103675265805,17.91713907286745,25.778453865092,241.02229383918265,4.957023108790918,1355.828423359602,512.063844177002,1,1,0,-1
23.44261792606347,89.1361902665468,290.29925944392625,19.335384384242893,97.71744714224064,4559.416631280629,2.107873309090469,494.4036532323238,3320.7671602286227,1,0,2,-1
13.925175118570138,89.65634289396344,293.3434467414584,20.833874631968445,94.78239259389046,4971.90033768068,0.4026890399943406,7378.335280015725,9729.809267039764,1,1,0,-1
26.224367241823025,95.80481267427184,165.75593411009336,19.207558245336365,26.55711404256753,4551.602192369088,1.81953671008111,821.6958340294103,9477.143349886092,1,0,2,-1
36.07390854947201,77.3916392916295,276.2065323509087,43.098812857057226,83.03268089442616,4946.454489781736,0.5877746944596096,2695.845181687293,121.81318033375076,1,1,0,-1
8.242546774428856,86.45398514422459,42.08469257990309,34.816988602808834,56.81323759943582,4928.821890552836,9.948782250682914,448.391509822689,7321.718445864348,0,1,3,-1
29.749356155110053,89.57209314575695,286.7098676756616,17.1018613796774,65.27749789098755,665.5300876533727,1.46997484315465,7985.459020839117,9490.054044402306,0,1,3,-1
10.232178412045348,89.01430877008241,267.5515372034348,40.83762338664724,82.54908628683641,112.5727980459601,8.486864636835502,2357.370985615972,1812.7956169692072,0,0,1,-1
28.18852820899983,69.0310044489226,3.4120098013946,16.90662167048384,32.83473580923372,1283.514732418546,8.852088539291213,8776.353755271653,7636.56789827809,0,0,1,-1
35.23298590405845,77.23001983746494,242.58127565215045,35.269339076321515,83.71205325056896,4998.844824361803,0.0442415954810493,8325.725388396653,2746.3215006074884,0,0,1,-1
9.950421505053669,96.65397031687334,135.74101512430272,26.31275513475248,57.32430744523848,4822.814215269985,1.4909768052336902,8801.09793421283,400.9176095224487,1,1,0,-1
26.97591815928887,95.83207830312988,287.565955593788,44.79759213554382,87.69785569809189,3300.853241365241,0.4044918563019828,178.14758703204893,1910.731599996961,0,1,3,-1
36.45241932817014,74.5866646021641,256.5587418590936,31.931267407587963,42.01237273498379,501.95625378331056,8.42820388177765,7579.293940420196,65.16031286054047,1,0,2,-1
18.820555934249125,72.98714165346274,293.0487965627556,40.13953805127142,98.88814745820314,4915.0641532805785,8.100248851886407,4700.196617740251,5620.737739716273,1,1,0,-1
35.86668426093591,70.6662001417043,93.07392740628316,20.719280334100347,95.349175239985,4913.7484119213495,9.752513897466862,203.5103843507708,6616.274164421832,0,1,3,-1
33.02690810940729,94.90423611370711,214.30954858419855,42.96498344827498,21.518441207832293,1440.2288936630748,7.845993525827614,8005.579741553402,8665.626894605846,1,0,2,-1
36.28495087089304,89.6796644455692,149.67386198687277,27.978404916518933,99.59158372007944,4322.114362808966,1.4581579125731814,981.226106099627,1698.0481468292196,1,1,0,-1
32.723875216133145,69.3442448135941,51.94103738214976,18.55589832807422,20.161973678579493,2727.5572239302032,8.525950486632267,1159.1068595134327,2428.591692505041,0,1,3,-1
16.07268596821704,94.542304636892,0.6244537049760801,44.73238327482853,82.93013317148794,1608.7417938275828,9.729958867387596,3568.75643115959,136.979755025054,0,1,3,-1
17.936709249153125,93.78520389787778,287.4928088108805,26.08000193414271,30.628466756700643,4253.166176051888,9.289488818197384,22.999062328883102,1445.3754364108406,1,0,2,-1
17.102389404951644,72.21175320321397,79.8936946793924,40.46619663767245,93.99205614892348,2057.7824211754096,0.8256686092152832,8125.703700395956,122.5584065859664,0,0,1,-1
10.523499330780874,89.6549264488378,274.5986833996951,29.2557985022233,26.94969331219867,4674.444766934557,2.7511116309917383,8485.706453258295,9711.828173312077,0,0,1,-1
33.24940198964001,69.17272610516719,289.5000628430157,16.296009025672504,63.75398327858172,77.56370517241152,8.462782545125854,1683.8047973609655,28.099871252694754,1,1,0,-1
12.409408455310263,71.49110597846398,45.185568033971215,20.367415911390413,97.78846517874612,4330.385121825736,0.1453562940150266,7070.694344329002,8463.603287415737,0,1,3,-1
11.63910260717537,92.63601231958766,297.9921582923394,18.715758193990347,98.9428063053242,3426.711688520384,0.1579944920398912,424.1230956742119,589.0820216607806,1,0,2,-1
29.4329423022418,84.23539177193575,43.64740723710428,19.78174316883949,20.470695013200668,4540.965764639034,1.469184681387372,3515.1097809538583,9986.181681277068,0,1,3,-1
35.9374492929351,91.10084726043928,65.57033598375659,43.01751729880464,98.60051816879758,2133.533825712057,8.759418324994,5991.235378400791,9128.099348296912,0,0,1,-1
34.93028630134643,95.67045808645616,169.9940155062501,43.94092681332612,97.16275374460749,2676.729448616361,2.3186858602393534,252.4038825155212,7453.516068387602,0,1,3,-1
8.19946090436983,70.75302827740292,43.49788734592602,43.46866416542717,99.3525086271688,1178.574833466693,2.663054366934511,5902.182664571079,7651.419744682023,0,0,1,-1
13.354341263073708,77.51500079941283,92.69293823604517,44.70166373324504,99.8778947628023,459.31173171183946,7.033500347600685,6228.956125887457,1035.8283257055257,0,1,3,-1
16.698320023533658,82.2132328224572,206.0366905075155,26.217480816557003,98.3552393465054,41.81128189784944,0.9475797232522808,264.2486983716071,9015.08499715117,1,0,2,-1
17.477046469875546,68.39665188203467,71.6141075546201,17.232062848134664,96.57966946732408,4813.111820186095,2.391326451892095,5012.278048081519,5545.667767512073,0,1,3,-1
35.21115613088817,68.33717143727563,115.8608773637643,37.06170301607218,21.113560293384975,532.541313464111,7.192265199010263,6829.870802085542,8496.768195950122,1,1,0,-1
24.751320875988256,75.37331967582178,283.94184878923403,30.955181838614976,99.42836667724252,3501.3279871551395,9.420380276394676,281.60855548911866,3965.501408192095,1,0,2,-1
31.44376642791704,71.96952927106301,20.16697048637934,31.75393927309419,23.53057988452654,1869.122454740111,0.1155864940523299,2077.815403692409,1146.8056888187673,0,0,1,-1
35.04409147416005,95.92630232857007,92.8868678778469,16.111143239831225,93.2386085344538,4900.714186876138,0.3951752997685254,3064.194362448948,9622.120736085772,1,1,0,-1
10.227288401118225,93.21431437959872,284.2687919880177,18.537131010323797,98.84194030258844,4066.343734916606,8.277806101438381,4511.970879002336,1484.6210522244862,0,1,3,-1
9.138813013007915,92.61335350486507,291.39891006369595,43.40127170157962,45.34361364261657,3587.025220145491,9.413853777708663,4691.596262675226,9570.093480217954,0,0,1,-1
35.45593109607498,73.02063773578952,219.8742897508516,38.82773784708749,25.71176836812267,392.697854240388,9.331351303632204,8222.069630912423,9543.946772611394,0,1,3,-1
19.60615599964049,69.38652084737191,6.293998450179994,17.09489588921177,57.73818985609605,1325.083309645631,3.1740237618157563,467.5120407012615,9564.381972470015,1,0,2,-1
8.687524855691032,96.9331903411752,265.74728731398704,33.73217409747513,94.48362797272353,3634.331031129109,4.808752535709607,8447.577446796564,8974.267435266962,1,1,0,-1
9.142363177091765,78.17083677417328,136.98027726174473,21.52214399227389,99.49097420867092,1967.4811139952265,9.556335606911649,275.53206527461845,9275.58559231832,1,0,2,-1
34.22305545081939,73.66274112054056,246.08228817292397,43.43232414204536,22.93169790553032,1345.660969428361,0.1564117351623983,7692.511954572407,3566.4836617890182,0,1,3,-1
33.975008383731875,68.55982808481814,231.6829877105829,40.3043080551314,77.28704278100363,578.2361980027606,0.0712762009190071,4128.899165375774,1500.606003695708,1,0,2,-1
18.453760649105064,70.89017342920621,288.7586119759666,41.2613993375726,98.94572935995572,2738.3767600541,1.7041398574808586,519.4862251462126,278.8342412583267,0,0,1,-1
10.355659409393509,93.7571594009731,43.53264513758946,23.49453510228953,26.812209148713222,3806.053430027509,2.325702450789328,382.1765038981162,118.03012411441549,1,1,0,-1
36.34111804442697,76.37605346766865,23.24880649852265,17.766589117281356,40.703368053225965,2838.9693093880114,9.351980185199334,1089.163975790526,2065.313565812371,0,0,1,-1
30.60598434129784,74.48146387628468,46.1232085751868,40.61457815589871,83.35571797849991,4865.76463202766,8.661758318928158,904.5592765813296,338.4951161736827,0,0,1,-1
10.606428700348658,83.71902617967743,289.71798702353647,17.601879470573774,49.92044923855929,4806.094652077552,0.8574689306431305,4020.719540554092,9590.032623672638,0,1,3,-1
12.155162302376592,96.5928888476411,284.93613039240194,21.18000318572775,79.12762323281068,2186.3658294471343,7.388262242378111,8746.046711053978,100.2744279953216,0,0,1,-1
35.431814676930514,71.30489745938641,5.57761758691001,18.95499504254937,86.87647195968718,4416.795330435322,2.870016773280005,5798.758734467065,1689.3317422997534,0,0,1,-1
8.00089084651609,93.31332528724666,72.85939515937989,20.040622477682916,41.64543424685896,407.1588386658448,8.534745343000615,8271.629277482269,9856.869922710068,0,1,3,-1
10.466635179187993,70.68470594451087,293.5763267549346,41.17105583255555,38.42036247069319,3154.661738363013,6.9335021415032365,137.89376556967662,8636.438242328224,1,1,0,-1
26.33949143749975,80.56804459533328,298.2216414147975,42.8628551467484,20.16124592801762,2307.420380810402,0.74548133242472,4374.576898326748,9606.72321530592,0,0,1,-1
24.77628273865057,96.1175895032602,209.000073570278,44.89662184180166,56.47360697781345,1432.924781840144,9.399395165335465,8120.840408497617,1386.1346644025252,1,0,2,-1
10.494932553955351,94.85421511049428,22.09832160511782,23.21888757991848,66.94830453414409,4591.357166724731,0.1094436131482268,1097.2714160723383,1519.4295882743647,1,0,2,-1
9.653780506104962,68.69037525449195,163.45657713579058,15.809096349015825,98.3950837028641,241.91329594482835,1.8971872709583348,2892.8731362538706,4131.226509398539,0,1,3,-1
25.79549918669213,96.6055587180737,282.2257357935018,38.3892320425869,59.08157605243629,4627.06718646266,1.2313838541282829,1256.0420532565502,8887.561848523184,0,0,1,-1
12.391537116728935,72.98320215059057,144.10247286666805,44.58489331824767,85.97427478047504,4212.050228343343,9.988238112132406,8026.401869570954,8663.433542820047,0,1,3,-1
9.69839385325148,87.36060966208309,18.64557813977024,32.56392283778827,45.71465111980189,235.77176667054667,7.373833274759604,422.1954982886775,525.9544176599206,0,1,3,-1
10.337846749918452,72.50663273343145,291.8006370100729,40.43933151716569,45.50704598666664,913.1231057066468,1.9677122046261772,1401.467484006556,586.7939058622584,1,1,0,-1
32.03093427743039,73.92894464490422,224.04795184472823,17.36282710906918,59.69736877622523,4885.534867668876,9.452227690121289,1500.3907684751744,590.4367601097838,1,1,0,-1
10.49783203284673,76.60870899411957,201.1229329803356,44.49828265553172,24.12091937071483,578.7917705794099,2.9832132555804227,2017.9100522591043,39.84412850935759,1,0,2,-1
14.394141543027729,96.51447071788552,215.17825544298924,37.3653041156376,99.05758626497582,467.6547462439901,1.0880616329778392,3118.455549744414,9896.978905886035,1,1,0,-1
10.323066071678465,96.6884309198367,20.68218368376603,22.789237016294727,44.80019943039287,4699.215529609261,2.852997858078681,6392.9001771613575,8510.344093889196,0,0,1,-1
32.33525163405182,87.51726392792852,69.00864896371802,15.371135486007958,29.89637153687145,4299.819851206569,8.113515984638678,8362.250422153715,1233.4235728890608,1,1,0,-1
9.27790998554106,76.81803825862745,284.06563331238505,40.78852378801869,32.827173987199245,4114.591724356501,0.1250340686098605,8630.036338474842,3239.3629550459323,0,1,3,-1
11.57522959966946,69.10645457212594,241.70975560058457,15.857390713515706,34.12231813212899,1553.558250044561,0.3737842475507569,1490.5148423628646,451.7569566061874,1,0,2,-1
17.72577658030641,96.1080217832831,282.9324203160396,31.723651568178795,78.5526888809476,49.31917689944388,9.56478550717304,8655.091718489688,2410.631002925593,0,1,3,-1
10.854301483939691,95.58162970744522,281.0064717854684,22.78304177835863,35.55529416944002,4493.785494479253,0.9802971603291089,5323.753859690603,9014.42024212394,1,1,0,-1
31.12790731359809,70.56006759608387,63.96128482828472,15.667198374243004,47.1913598019666,1427.412338693529,9.933839887655749,6843.313142431225,1800.099530486776,1,1,0,-1
12.682277187862962,70.33498019915385,274.6354105845295,19.480471964697045,27.170794364500097,3899.987844103666,1.5366636672281764,1077.5516710219388,936.588888612092,1,0,2,-1
8.65437083945507,80.57810860398335,282.4892758500067,15.7280864096816,33.551513788790324,237.24950270737065,2.6624722768987485,7905.929684363611,1855.9002790745735,0,0,1,-1
35.04983523274908,76.92473598162678,3.335034700312089,16.083303359465784,47.0739213164476,3848.730119921509,8.358329113838208,2347.043475225344,1431.3309747259518,0,0,1,-1
22.501689516541514,73.33152607978964,19.933751667788435,42.37579507416798,99.6458158988252,1654.6787674281727,1.7207526969329543,7836.698264713959,6170.48717383938,1,1,0,-1
27.571902888570488,95.30092426113654,81.27648339301587,15.426881129188423,33.77235394981415,1769.7228177993468,0.29405314036131,613.0518516550624,8643.863159358738,1,0,2,-1
36.32026967636422,72.08016729196164,28.043676277988077,21.47151688344583,98.41647527226812,4162.55497177839,0.2246206962439079,2730.332563805624,662.7129013627009,0,0,1,-1
13.48667797932029,74.29750467124089,29.12079844648099,39.23860189637924,27.351629221384396,1890.492894548988,0.7470980594293297,7274.790165766416,453.8683152842726,0,1,3,-1
11.26512352934664,90.96025389698994,182.10967147892885,15.030814158323553,88.77818767925875,4366.011096702771,0.4259196948475474,7151.086640846583,1089.409255204098,1,1,0,-1
33.51752417508342,76.77261485019093,42.89926535863163,20.8025579743065,95.16005998500104,864.7554143421931,0.0353878782163497,1028.346901677836,2198.16074821081,0,1,3,-1
36.49944668640119,86.67594065528374,41.86638136906932,43.91169291672395,72.92180409337935,4381.986968897944,0.9446777906975468,702.0352146349699,3970.6816893821406,0,0,1,-1
10.127557956328475,68.34826572944365,299.7829577838711,27.41034340280413,92.00654614199873,555.0673392536776,8.751738143940646,3021.6160622299417,8738.756764026775,1,0,2,-1
36.67637569780623,68.72572794535213,273.5927231045276,39.342896780467655,70.67557826309957,949.8594323506554,6.66068791706841,8225.616725478185,8605.215629071254,1,0,2,-1
11.591534774468704,95.9982871747543,152.3799801516188,20.078673870098253,97.48395053376312,7.2734225443976674,9.49947982385804,8577.343610962816,1555.231318618967,1,0,2,-1
10.04553349019574,91.46915666677155,280.3862521061724,35.07750193151483,95.2478815173904,320.2610274101947,2.7279758902420426,8556.410881589629,9618.811318942791,1,1,0,-1
32.92971501522559,96.15111675558803,268.2016244193948,17.765029872256726,90.39345978613694,2342.1247916983843,9.915831928618193,3471.326652845069,8846.558919520934,0,0,1,-1
12.6365131376268,71.82370769965851,95.76118074765922,44.83883755517196,93.58590683320487,22.09463122999411,1.8898131907785165,2100.781379052084,2529.34743870516,0,1,3,-1
16.99894598103188,86.2753815025826,297.7614209716433,41.74628621771838,92.714308379851,4647.6869338145525,0.9292847481624544,6691.350865331198,2510.7685167038685,0,0,1,-1
36.45646974434703,92.23063909800132,274.2000111027834,21.06973084325509,93.29772783377716,170.64969992024115,6.408117587256513,7775.281673477064,8911.51033406651,0,0,1,-1
25.42741905159385,68.65791842329098,294.3868979760156,16.709473605313573,86.3959273755364,3760.5269893897857,3.9735835809715647,8029.891066216364,244.0298951870634,1,1,0,-1
31.89593190451937,68.99166804771447,1.821186844143696,21.59910012325964,23.264156970521583,1145.3727044164502,7.718963632997901,2753.744433707246,980.7781122821448,1,0,2,-1
8.175364252335374,71.97929971669191,239.4702941621441,44.29725095661488,38.37564102441824,147.48837669906533,4.77189771013983,4944.2323935651975,158.38395312556818,1,0,2,-1
34.8557272347297,88.74904121345729,267.7751329168861,44.85614501695037,22.53472844332377,4649.166808642239,7.132293432218551,3244.752713834575,9964.835473189443,1,0,2,-1
35.60981095253108,89.42119955329294,295.306796518268,23.505237201194305,25.89636942750536,1266.8236444703878,1.1294076490298144,3697.711847769064,1073.259762581058,0,1,3,-1
34.65703290055803,80.54844252416994,72.02876888354628,35.134870599228,25.77986101021546,1409.9225542149509,9.747558404792269,8406.009733749186,1646.4408099843242,0,1,3,-1
29.73171366270375,79.26340223113272,216.4456228309648,38.43079230924724,89.29989847079432,333.333398228004,0.9215290059722304,1895.597153373666,9778.475340294188,1,0,2,-1
24.63333512077459,84.81951629311044,64.48573504707623,38.03600408015269,99.33355305867175,4772.40555274103,9.791003059199609,556.6751502705167,9321.48217906132,0,1,3,-1
23.525085273788044,96.5470580659395,201.27923788623272,42.81998522485084,97.08744044830252,4632.377679877458,9.831579690084634,2903.5945268698647,1189.294578771688,1,0,2,-1
24.75077933847688,69.67281525292277,270.262077761153,18.70734286891166,99.51074006221783,3811.16037372244,0.4683555941113637,8334.178013626697,231.93669544493312,0,1,3,-1
36.021954634697394,72.26502723195996,2.908550500312368,17.960167980800247,33.98828264911434,1506.0944179410124,0.6392510884689673,121.65424287652417,2152.2424895940994,1,0,2,-1
16.27096827773201,74.28384307568108,15.810628376225075,20.071907046090004,93.70357610611272,3457.59360050017,1.1737970002803344,8705.031217168884,9926.09477810723,1,0,2,-1
8.46481653719857,68.84078960497041,200.26863053585149,42.55785393302722,97.31083082973514,970.617014525106,0.2760637138298327,2522.952124624663,9364.993145871676,0,0,1,-1
11.657344348886904,96.46667339262842,185.10516208011305,41.17600947546501,82.5254455638605,1936.0636796964448,9.172397653455636,293.4278473390356,320.9874833419124,1,1,0,-1
11.807351188139902,71.29588657803882,11.088705066168114,23.52459278571675,97.7568022952503,3955.347335414506,9.825373869016238,5300.8274054399735,2679.0100379070814,0,1,3,-1
34.952701031625466,75.04693019296407,57.84934971400244,18.927297697731564,82.9094535475527,37.67407855785388,9.417847300469743,5136.809980893648,9455.37070893154,1,0,2,-1
36.32191148213526,82.15836141677792,157.81308746728664,17.350086637418144,81.7936510419233,3992.988240362845,6.926816102729305,127.7754933835406,54.32528129511782,0,1,3,-1
29.929574789096637,69.68638249642564,190.0043550567487,20.66893927606146,68.5238191104931,4730.922401916419,0.4258087527660481,641.8324806216982,8543.476283500018,0,1,3,-1
9.664363466959934,69.38354190216229,292.645348005114,26.43815468835744,26.49813268798265,4963.112015305507,7.683987019292634,4558.270007946058,312.3988255933052,1,1,0,-1
22.634481351345613,71.00276358663073,283.08919699007544,15.545034627815008,31.915765084473566,4003.2509863018327,0.7068424259193229,2080.1334238334475,9627.378681847553,1,0,2,-1
36.03447806053536,82.99342699271476,288.7924988840644,15.474918493592815,90.23447121837197,905.6767994915322,0.4020244472908296,5358.03823039151,4251.993933467528,1,0,2,-1
20.09776409029536,91.2045888632791,14.806212959749445,19.482193346600845,20.646026301799,4981.835395236391,1.331222451504278,4940.294539534518,6484.872956847136,0,0,1,-1
36.65559820268443,95.14826261135738,165.7709255705871,18.22182646942349,81.58307992779183,428.7097903563097,4.972286573810348,1245.4642895257418,803.5892854168303,0,1,3,-1
33.92407180942972,69.96253256308152,217.2883521573987,32.65273049085572,30.63429893196989,4808.858339538282,0.9681727394785756,6412.813201018496,9485.437076152872,0,1,3,-1
35.807284322521895,74.7612718049245,77.92059914002436,15.487169758479943,78.1644772692267,2126.96061942964,0.9049530043077436,417.4116988707399,5205.380430677909,1,1,0,-1
36.34624033233143,94.88335127482732,166.31759351007463,43.41244349711537,37.5458005585634,927.810357133097,2.426406318522968,1324.315731776346,9800.660368649236,0,0,1,-1
36.7182699469633,68.30761527773926,220.47446464787004,18.20435031737261,22.810826964982223,2621.598182444787,8.580851434041234,7489.063190592727,5467.040794695045,1,1,0,-1
24.91006696111704,91.44899891344384,288.6175344082915,15.963754447784185,56.689006017892176,4750.934858011999,1.6455593879017716,8405.364230654794,1373.4597660568038,1,1,0,-1
13.773709178141845,77.88214119111773,69.89909641588577,44.351533933761694,98.76080638918162,222.69216613585107,8.985196768787926,6702.06276953516,4750.417417662064,1,1,0,-1
36.6336856970538,91.63714572979568,280.42270889309475,41.11926112244893,78.10926889593944,238.8956809754683,4.572151415608351,198.68786598173887,131.3922725429595,0,0,1,-1
32.19541907673256,68.18819612022291,157.54768763337515,27.220810610509023,85.08659464143479,3881.654958533894,9.724488341223395,624.9582534264205,480.5014256306495,1,0,2,-1
29.34169178484452,94.00578957377888,97.19007984916205,15.211306605564223,85.76523286202794,4731.436402831818,2.527154905718425,8549.314837221556,9853.30693031486,1,0,2,-1
36.29245565554292,93.34330992476984,181.05023870251503,38.5749907515424,95.14585115562636,1541.5452787648398,8.934030873387078,39.01613161380836,7585.616406648383,1,0,2,-1
26.772921896819643,72.84224233650407,6.349634283622285,18.888570595347375,24.305599770206648,4898.354234636312,4.407666896680842,7849.565098445924,7970.532343812407,1,0,2,-1
28.343473942489812,83.97646655848868,200.9742056389308,40.7630355409203,27.460963587705933,4731.922927480104,9.7623601181114,7924.109155248424,9785.39911784129,1,0,2,-1
17.154385953757913,96.03183477566222,182.7176748582445,35.63127565923997,28.431712463392145,4291.789180091016,0.7098082093539471,8826.108563516254,9680.977945269098,0,0,1,-1
9.653069239006086,68.7556786935822,294.62457032263137,39.2279929019104,33.27625558304837,4363.190780063748,9.73044442183791,8602.086433277404,2203.0169447233807,1,1,0,-1
32.370097150066734,70.78620329351233,271.1137294891175,15.165644352059724,38.19186918639432,966.4019145360808,2.8643913139596777,7849.55964975829,1997.8856989766623,0,0,1,-1
35.91924493197303,75.09954020723993,27.97865937267869,15.096311688060805,64.03709987628986,4834.214551481113,2.3593493588312637,8706.021562460357,5783.502564871355,0,1,3,-1
36.0814818428784,95.35172852135274,27.400481522192464,18.75957773723553,95.60734805020998,127.57818899625128,0.6968258622736212,1055.13137435843,1785.1661172994015,1,1,0,-1
36.58242128463121,70.7742440061464,291.94598794357586,21.146598076842608,79.18016887907402,3848.6365182237737,8.69775018835874,2098.2302121756634,180.4561879318556,1,1,0,-1
34.3956876001962,94.37483614266884,237.60641795382736,25.22466066559036,26.56550760940786,2277.2006253879717,0.4657567568187415,8469.892629721691,1543.993878353427,0,0,1,-1
17.00075578413548,68.4657058577233,57.14004704935505,26.50150532182065,83.67507334624145,1013.1855775940346,0.5089854291759965,8374.313566577812,512.3320279515375,0,1,3,-1
15.332284620018388,86.32748069651588,26.88980343297861,38.36956505914621,96.82032086854996,398.4350639433376,9.253018167848875,7034.748959708091,9306.811626149509,1,1,0,-1
8.815523682059789,96.41106064663904,264.22950348243086,42.45404273155298,77.71087032872285,2023.5519824815144,2.071776320451159,5430.368517848761,9724.657197834556,1,0,2,-1
18.8843190274174,86.78212798356854,10.47408438096522,22.759471038383257,87.89477578835408,4963.982587336577,2.5328659807413443,8559.290221049503,190.8850053766198,1,0,2,-1
36.59912712122715,69.54908348610081,264.2769897264715,18.494459229181786,31.025927741781445,4584.700986275329,6.825986293897758,4542.219118300691,9882.98302967044,0,1,3,-1
32.445418991229715,69.98725364031266,80.58349197313827,29.135267704461786,94.58830354599898,3124.669054576248,0.4015467300432829,486.8326681696632,301.5612990589189,0,1,3,-1
33.711267803569555,94.14598316008602,227.56522424152277,42.392095875173816,20.52764587356665,4050.7316119947513,9.950620117048976,8475.451824557407,3385.9362651358383,0,0,1,-1
18.89881535123029,74.41682996015055,3.3603346164705616,15.02645180724362,61.904271856574354,4964.838359408256,8.903775487682022,732.5490329348921,8258.380394768477,0,0,1,-1
34.87097611333306,89.91570987443146,46.87749529729369,20.90000433443057,20.36006283866259,1398.110619494215,7.014803144424896,3569.3718960969504,17.961924888970636,1,1,0,-1
36.65240489989723,68.74087463252653,182.2840578099704,31.56703140687205,24.09052739819166,2626.535694540387,5.631079254688636,7897.110737708821,709.0633806863244,0,0,1,-1
30.322211130609524,83.59535255604368,256.4607074349828,44.33606654382503,33.27711135469266,239.90083309093637,1.5457594737876337,689.6184846689048,1305.4141618636406,1,0,2,-1
12.99920450104982,68.00957461852482,60.96227797812934,43.5064082218358,54.51333809664532,4923.348471296906,0.4954859204175932,80.0785826379661,1623.0116865893274,1,1,0,-1
25.780370933008005,68.84951744515575,110.44506974261256,24.51225094129069,20.764079637302014,4229.243807782425,0.1923533804886235,6087.779359651219,280.26410498750096,1,0,2,-1
14.777023015935544,80.11674537708136,26.961141206801987,42.99239710771258,95.4593490991172,4444.434850709666,0.1183974983085955,7295.813270644634,894.4297982081795,1,1,0,-1
32.12630470895351,68.70947638000906,106.16412193908302,42.71566018652908,52.73053742064701,4150.383440995908,8.127178397352585,695.1227452666393,586.6673502682785,0,1,3,-1
36.000019628808225,75.18839159739457,6.389951378078839,36.27105723977315,99.07478778192866,3488.6156711377416,6.88664196216843,174.27929464048324,3315.3524521588083,1,1,0,-1
15.822531510339244,91.93701868964052,22.40187905941876,17.113711644776316,41.60557472115079,4931.500884723696,0.8150567116131702,6178.745726360252,9670.861002102938,1,0,2,-1
16.701945404257756,79.03641785546927,17.310140847313306,17.629836492796734,99.98590001574898,3421.045064306247,1.0177566891515275,5369.2178003873405,7778.03313189575,0,1,3,-1
23.65019187819142,94.31969541493471,244.857318827792,24.191016723035595,98.95232046013564,1918.793104611712,8.665815827161463,87.49184255378864,336.6401185453405,0,0,1,-1
8.522841259808455,73.96542455432052,35.748079558462265,16.286630610219852,26.69715268558442,2942.1038113413438,0.1542634950013111,4615.057125429323,1005.5155411510176,0,0,1,-1
33.40205764339994,95.97282538824794,261.8191452181049,15.984429498709092,87.47839586897354,481.6132424504677,6.6936242023560375,2654.658529862015,125.6869035210184,0,1,3,-1
36.61051523260047,96.64542663197656,87.29685451572607,16.162094660659875,84.73119522531755,358.6303508659738,7.914320442178518,1494.6023375756424,7286.247258095283,1,0,2,-1
30.85301933767564,77.05472334900132,171.56167635280622,44.3247598167028,97.19894588983362,535.46817164555,5.189612903950607,8215.361511983698,745.0178689459497,1,0,2,-1
10.622150355958162,96.8602814981232,190.16741696772067,21.836250452189205,55.34724444576632,4404.023625141714,9.075400290973043,427.0901188814444,9834.917778520668,0,1,3,-1
35.48784045035616,70.19228037968644,135.75741726681565,41.16361214966189,37.3735725595691,222.8490445402581,1.9882887733228904,8722.307417674543,3426.407581923219,0,1,3,-1
36.59209089012262,94.18737813587468,203.13479153447787,41.10425824228373,87.38925142846374,2406.237313656513,8.912465387146744,8262.128298598496,9995.77159147288,0,0,1,-1
19.31691793793585,91.85612290267824,17.670754563593395,16.32105029444918,47.66017816085648,2377.614277847988,1.127059846866384,315.9765140972551,9677.69228290228,0,1,3,-1
34.42891267027585,69.1058168086527,169.81624682581594,42.54055621709036,89.18803173197381,3653.221937684772,8.952267692691485,1424.1528583672844,9788.017436698106,1,0,2,-1
19.609566183911987,69.49761211945994,67.31172933526673,41.59226079443934,32.79612631506356,386.34036023377286,9.3926909224225,2089.9985249056867,9809.922574693976,0,0,1,-1
36.46122132273873,95.71854055205684,81.58224084390051,20.51565829209909,66.65898430897616,4370.2048824297735,7.252005207922245,100.82817716091158,115.32846903819616,1,0,2,-1
34.92280400744296,89.30498043773885,28.372345862494896,40.6491237906537,97.9180425029358,4308.843237873453,0.191101628032726,2614.6825145564308,5106.043670602939,0,0,1,-1
9.52858390574973,95.18654844659858,68.96804717042369,44.465870851247416,40.43684922733482,4782.913375614306,7.811801509955759,8117.7823704273505,3510.2650552574523,1,1,0,-1
36.420158432707694,68.46505560088873,272.3586261520494,24.39728178551733,76.84656028098723,4302.13146153056,7.980458381772583,108.29655741436596,7864.0916670063325,0,0,1,-1
36.0680724125893,83.34841068757176,293.770527760852,20.20639203303346,97.50358773263382,907.9126196278708,2.227061405648999,877.01068076564,3829.040290082368,1,1,0,-1
9.733105951173147,93.50046847145887,162.39902326371478,19.50671778279936,29.65928997562491,4730.1562206125,0.8319990215193174,1766.913402010274,8695.725728853198,0,0,1,-1
36.662746434925566,87.42852624908932,81.83594120424945,44.4096447750926,20.628670136192653,811.9857505318756,1.2023420333306722,6542.549066154285,8056.366123419707,1,1,0,-1
30.23861803671542,85.36297689064519,292.0738662604948,41.40412414335982,23.805323465801784,4274.273681057252,8.954533020999587,8565.612885279503,6426.060874255803,1,1,0,-1
8.610070171353591,75.38971108568705,27.525566347753728,15.46216480764216,92.68140759247476,723.4648998790377,8.862465707105532,7378.120079913709,7796.013151859877,1,0,2,-1
35.56460328608491,96.02201130502448,287.262511616742,33.81366912205992,34.07669904462566,2345.601408530234,8.01686530096765,5222.089419560815,538.9623869362225,0,1,3,-1
23.68398485517465,94.19612535941938,28.3682925802404,38.678453461563066,87.69546693514141,4637.342302909129,2.5593633734362786,8767.068517458783,863.0733521957434,0,0,1,-1
33.94767955410773,82.30551383631808,265.5578075865461,16.021228071559452,21.972680284965065,1953.0592874101096,0.8448792431060081,7910.785879529388,3589.414043869572,1,0,2,-1
17.628020361412695,86.20111632676854,267.2730290166412,17.881104356441536,22.58739610541477,4358.8058266373455,0.2836859196568397,8824.155194420993,1108.3837214490743,1,1,0,-1
9.834348858061707,89.71633646539368,229.2260348973992,43.03202094042385,38.50054850522068,1443.87637516611,0.5369655092428727,670.1057067250742,170.63091673957365,0,1,3,-1
34.26694692845699,74.24814503171366,27.521234363619214,17.035334596536917,28.258465249057416,1253.494777704447,6.662475047064852,669.1739156419148,6273.232059423171,1,1,0,-1
10.843291605217257,69.3216031268008,298.09409037557003,15.13840607954762,73.35042064724507,930.8384763883416,1.3994750401555678,1907.106378709507,8224.79020661832,0,1,3,-1
8.371827835807569,94.26995634998327,239.37082766823784,37.70186441135235,21.694727537028538,4729.854180061629,5.574282998979453,8656.007627697596,6960.999782407218,1,1,0,-1
27.606697990772727,71.0947341841829,298.23068496321787,27.47064683029909,38.66802039618014,183.1742078963322,9.972924127590998,1462.6790830266132,23.40687609998282,1,1,0,-1
10.581282311984255,68.84062097271898,297.2796488839663,21.79531627408495,78.08959814153697,2033.730812992812,9.947686429684875,1195.1778158572752,1068.3292468282234,1,0,2,-1
18.63249330279724,85.18176477934483,48.54424214934219,43.896134465932505,26.04723686314696,79.80865130834125,9.39110495786766,7951.600671977606,4169.263423617567,0,0,1,-1
11.513508376568575,91.91431257168428,276.1682106301049,39.46695647231847,63.2630299090666,4985.682591421905,9.95417554952839,546.673890872827,8590.232744200654,1,1,0,-1
35.01322122064886,68.49654048811769,89.53891102364304,44.97247757615845,41.42447590557282,4949.509466506222,4.104846943711457,7167.77975293788,50.91237640183044,0,0,1,-1
10.25366013336004,80.51076540642377,0.0735871535979204,16.407079562938783,75.2964264107244,153.2627748634119,7.026637597298496,1013.5686213075412,9416.054694152224,1,0,2,-1
35.02021131786091,80.39187525380021,199.6159871355096,41.7565047154588,70.52148812595189,60.15150821518822,0.6694857935229037,954.2200033566892,973.6875798651124,0,1,3,-1
25.84508737822865,95.77203775727224,242.874036137058,15.35990037188027,60.48634777711415,4923.132064178434,8.05709191300836,2506.4037774940466,9925.728913906642,1,1,0,-1
9.405462741798846,72.722890457497,57.12883901692856,38.20481681618881,97.77008933946688,4706.561962660255,6.781385752746263,8590.162837448954,5033.135642014938,0,1,3,-1
35.10983917287024,95.67000430213048,14.59673459973947,17.529525805696572,45.3574228099926,793.5611960975953,9.052112575710684,677.1351136569733,9381.76554358892,0,0,1,-1
33.10370605480922,96.09642980585336,115.18543973674169,21.421721640082183,94.24174845105854,4631.464314568656,8.575073663881266,257.6567123115097,1413.2158951784902,1,1,0,-1
27.245116902251688,85.0452854155766,290.13550634849474,42.87459115681175,49.28663904636159,3889.596102137557,9.729094104958854,200.8033714798204,32.7876787008008,0,0,1,-1
12.367717638987054,88.84241453555723,201.28741022108932,41.35774222362817,80.63601763692739,4928.6262660652765,0.0192461803688526,7987.1148172935855,2129.570405229997,1,0,2,-1
34.41390238958149,70.2449385525335,121.94451009450368,18.102451283083468,56.78465064798964,4572.633098146229,4.98485947081172,484.2636749435027,316.7378727084935,0,0,1,-1
8.817548872969443,89.06925961468777,151.99477250361153,39.492143489782265,20.72636735373408,4740.878075412507,0.2541901653148015,4000.101872891163,922.300265892604,0,1,3,-1
35.90859417718133,96.91772161410424,39.97911686532467,38.18256259374875,66.218400251053,91.48118692458908,6.137145488867869,958.9344726414328,5668.621736381463,0,0,1,-1
19.01780443789842,96.76180430334996,274.5080341777186,24.69830767404485,98.5689124235984,4196.548392211633,9.971755425613884,1619.6204641392835,9817.454462505764,1,1,0,-1
35.0856351368659,70.84805778241704,3.392606004030163,25.510116992043983,24.488636402414983,4046.755041669093,6.7627263229201855,1058.4865369445708,2000.6539108753675,1,0,2,-1
36.18955076408116,71.9570824298433,4.037985879441386,41.79807346253095,30.243148057407303,964.3129165940744,4.078456543015036,5743.536295365171,1296.302252104794,0,0,1,-1
20.277382793172794,70.64092432363671,299.19585814852377,40.8662571528882,81.19667159191054,4700.544457245142,1.5571731313859904,7424.752312451982,1417.7209991097527,1,1,0,-1
31.763407756440586,70.28946198026203,0.037541626972648,42.47589217004988,20.938369786150304,2623.1823120099903,9.24551548065956,1030.2494783311977,6715.130299355726,0,0,1,-1
27.387854158305576,68.28339471116496,299.8231763569911,34.30306061818054,94.97106022826192,230.33566715483232,1.896757410318879,153.61071556944418,2885.186789098049,1,1,0,-1
9.272551562693565,96.11260326441942,12.13022865454716,32.514590038403334,98.96703872430562,3837.8434500169774,0.6527875775786973,136.5533875664488,2207.292801192988,1,1,0,-1
34.49809732618732,69.7304780147924,281.4255778548462,19.412685549894,29.04365512432664,2110.442825880225,8.112233891922589,6960.030763337495,4.12335972560518,0,0,1,-1
30.88942898563604,68.03323256821943,269.4956379983958,37.091835619584245,98.95755640474148,1230.2841589900493,3.364974813474894,8769.783309722032,679.2222772367007,0,0,1,-1
36.56294414480325,76.11795902803686,201.80644187770773,29.30867753272839,95.9336266294404,648.626897779147,9.090453225361038,1231.1583484327127,8868.145217143016,0,0,1,-1
10.885390559238504,68.20677058640918,43.04317328935208,35.74073712091999,27.294415404148413,2335.529043254979,0.6851036552536816,8678.86541296125,9376.168949881723,1,0,2,-1
10.282232580666571,91.64031373648984,64.98842627480414,39.61348370768064,37.85460456421862,4997.805407500693,9.651126233058704,631.449925464564,8377.29111851484,1,1,0,-1
28.012185271475133,73.18209561630309,162.39753572733196,42.05643525915331,65.7051070652987,1403.3253610868362,9.715703795219165,8.418510293482473,87.54474779579246,1,0,2,-1
27.248296460124216,96.70777113020112,230.8401823903392,15.085695084515471,32.90285131758522,3626.8255559472505,7.3395602240324544,1197.2557738970447,1063.1503294209565,0,0,1,-1
14.100790364365238,68.9626931369013,203.27946323653268,17.640720875706805,90.075365789109,282.1348218959063,8.326081212627535,552.8414750595043,4442.432794457259,0,1,3,-1
8.668365563791614,70.36615728122088,17.708013246126896,30.15154889530678,94.75950207666408,1658.9932847873097,1.4896585439240673,6031.37026770721,139.04927482263906,0,1,3,-1
11.891870363464156,93.9980729066324,293.915250115736,19.253731242871503,64.22984958362521,4755.548482669249,8.14396720093835,8516.803508438268,7778.72826526814,1,0,2,-1
22.50574013016077,94.28170798461844,107.9372862277209,39.79257842184769,29.149001999338573,4254.703785527982,9.807073247870836,33.92350021332877,43.46584021075239,1,1,0,-1
32.372839765834584,94.99041580258177,264.9470665986163,21.770623541415866,26.26327609106278,246.64930396725012,0.7759497895118295,3556.9986665805795,9221.629921346908,1,1,0,-1
36.68728381919699,96.81102212948124,156.9458697941808,19.3989982101696,32.76869371872511,4802.305605445912,5.309307478544176,6936.015036058925,7445.993193370557,0,0,1,-1
36.92526523255307,92.31357356611409,288.2623068063816,30.435117567100043,84.9068895628696,1174.5853997676886,0.0735462496149375,4403.997087312704,338.814031109973,1,0,2,-1
36.165377444679336,95.5697761674054,10.763904536654712,31.899387136030093,61.46386269489951,4597.539310967431,1.0264698441252118,6938.925571603828,2043.1313201462808,1,0,2,-1
34.134151073303315,86.38855367080943,2.780048836989013,20.41425156915333,20.83146722616253,96.81648297405587,9.615726847890748,4700.032283845007,6373.562533688023,1,0,2,-1
8.692641548255141,91.8569503124607,258.5971839533643,27.759446041534414,33.98920177701391,417.63137214048896,9.252588494034136,100.4537409876812,9897.87544508558,0,0,1,-1
12.276137268719207,74.9234149155154,21.56860215435209,17.487058923721804,89.7989212206714,4789.621001203977,0.7392350448948981,3345.7161850773005,4645.189291199265,0,1,3,-1
29.84607502449845,88.5726803218606,17.954156918066555,43.91320365780919,80.3428202504663,4307.783285294567,0.3546285736452181,2813.1553120240947,735.7647320918481,1,1,0,-1
36.58019986440132,85.65714574424776,34.832075956465225,29.496616550940495,96.365865507038,4607.475917650628,3.420608768072934,133.01709390559077,3093.2770049237147,0,1,3,-1
12.051896442389667,94.9942739152374,20.48579511792604,41.74636349992016,99.72711640951792,3865.8335366543774,8.206165297611285,4836.70919383916,2878.6413478093887,0,1,3,-1
10.282258724517774,76.80454636552568,38.51859464929961,44.88144374757055,86.2921435406036,4461.643818440931,9.41068735901135,2130.8639076449595,8014.133186690974,0,0,1,-1
12.75401990764288,68.66959905778383,170.88539027572804,41.394944883599536,48.582765450747374,413.3892912417925,1.5239212924667669,8720.326212368798,8324.467812891397,1,0,2,-1
31.29583263202297,68.38086783758808,246.20640246438572,27.564881382081985,98.69869044990752,4564.323529468592,0.2936359368448848,2926.0878910703173,3193.103899698052,0,0,1,-1
8.377296189350309,68.51087870709212,275.67437909879885,19.01561679712966,59.65573580638632,3768.3830174010873,5.608011815260024,169.2595408690068,7907.751422643875,1,1,0,-1
8.020788902490814,68.72605375088587,246.8546716567332,40.821580450775215,71.66016737392911,509.3872088870066,4.836875664225595,467.6688720704951,793.8123805072561,1,1,0,-1
36.6041477653807,75.71349364201832,53.8079068650989,44.26286284996917,98.8337992767156,4779.0560544046375,3.933960921539837,1274.4991285752735,1981.2264638044653,1,1,0,-1
8.606375857721813,75.75016227706051,5.898776992764532,44.05670214914016,82.4346765191076,3214.442549362578,0.3870114739047559,5255.425609950011,586.1143224099008,1,1,0,-1
35.27558173198548,86.19277620233427,16.668741815285383,15.422372765628085,51.26300304196853,4212.45652512832,1.1835913400537623,8492.495175957403,9544.4774065825,1,1,0,-1
13.81360238522441,74.7858978849282,27.858700293975225,38.549451959964976,98.55157416762611,4341.526866223932,0.0248453065412734,6650.505154392095,5888.392537659704,1,1,0,-1
20.745725632979003,68.27789794368151,274.3721039962781,44.547073085251085,89.54373899995241,3935.734781689581,0.3300141705578441,2833.0245394257213,1711.7716900874148,0,0,1,-1
31.801339383656178,96.721536086667,44.461239800614,16.822658192699407,88.7299782601201,4961.369805943736,2.1343978037563884,3196.3032976739964,9777.489547231997,0,0,1,-1
36.22119663138035,69.79931255223306,7.809794947081694,37.56636080913936,92.19039299684472,1106.6462481181493,1.7127560280475662,7661.64228373308,9517.074157333574,1,1,0,-1
31.29085957915113,68.6085068923028,268.4899135931594,22.504662357610982,24.582098467823563,3292.272920757635,0.0179387007228792,1794.690776733019,3318.4615721699674,0,1,3,-1
11.740388329887791,80.58043305903148,4.835191346329282,41.62626821524484,23.57666996619524,4135.447743871494,9.69692653724781,3891.5425691315136,614.419390771046,1,0,2,-1
21.585375875525507,78.41014246092325,8.449498205029826,42.523507043692405,89.25503352825449,3582.535421070882,0.1995110878476447,4780.366342683899,22.212149260344425,0,0,1,-1
33.957900842921084,72.29715417955474,285.7185522191855,43.798974411361925,25.83259117780311,1807.6203839146965,9.82297301249216,1861.3856280547063,3209.8630513958715,1,0,2,-1
34.34468888829568,88.06889015944029,10.346915903836107,36.40088168040689,26.997364451443342,4994.8798952628495,2.968867902664986,330.8714048294702,9369.792457951062,1,0,2,-1
28.11178527434329,84.77684197987392,95.9846587054762,39.95605844471485,97.21786081444682,4681.873508911169,9.29037496128832,332.9929247086237,702.2368280502777,1,1,0,-1
9.15162501959517,73.18989269691502,54.99691266748823,41.449312655428045,37.10972293358205,1831.0991860259924,1.2627985407635378,8380.784254122831,9350.563769190883,1,1,0,-1
33.92864970847752,69.79948052642754,101.14950385706754,34.117367984613,34.38074108215706,4734.432307771484,0.0270572467036744,8073.3115191617535,6709.378379881723,1,1,0,-1
36.41229570844193,83.86633814153043,6.943903606602497,41.97273532563245,37.16286691028457,1557.1903436805046,4.2200680319639305,8025.463105413458,1212.6444873498976,1,0,2,-1
35.847724396269925,91.87308832323843,74.09669858570386,27.502817328031025,30.62569967465338,4627.225279488991,9.828868009369462,7796.174829789796,555.0743832673255,0,1,3,-1
15.45643661596214,93.86874150186924,36.79498695748328,43.517293586965664,32.87162848433245,2833.8194492534253,0.4316829539245592,92.99429769798348,6442.048436232617,0,0,1,-1
18.72239651530797,69.63892410725381,26.2460068881045,16.5543576508892,62.93544558045909,4438.65258544517,4.684291028176325,8822.990442860506,49.75205970735641,0,1,3,-1
9.509329323927812,78.80037578410308,252.12650776223836,37.35536697640196,96.0177468589954,4365.855580278985,0.075281369071235,7124.352650667372,910.1080420552476,1,0,2,-1
13.540504192551802,95.57438999264424,66.62270998317885,44.32344690798544,37.68087912175137,4806.148623403586,1.075211026199102,597.7145855437267,3315.1066740287115,0,0,1,-1
31.23397359556442,79.00916752596864,30.82663269617676,15.189662686279505,95.1428436531464,4407.583988023499,8.305994473553174,6293.364303788501,1311.6134094536558,0,0,1,-1
11.681145672551114,87.91313634551554,1.9770488489139093,19.37481552587424,22.400088414250945,362.7609138627725,0.3114426801096304,6715.887755125433,8604.103714786232,0,0,1,-1
35.07484595721773,96.85354959753631,242.2870294505392,19.719557818838105,72.46394835273372,188.6294401127836,4.55144257165554,483.9318901442375,1199.8749445971202,1,1,0,-1
16.655069173285057,70.38804837662781,295.78246986662435,18.1749059513193,22.548722912461443,449.4747350805772,6.960526529884028,7818.234264876397,2278.1083275997494,1,1,0,-1
9.16943195190757,87.14545192743789,56.30419029629324,44.56763522644504,35.21505556311606,3085.511057667793,9.540076899205491,7377.169243746736,48.45077755149418,1,1,0,-1
10.000710252603325,69.10148440784566,270.89389471690464,36.88132733624111,91.8767933330836,632.9503978804007,1.4499801560758996,8643.510095073076,8379.627337195585,1,1,0,-1
36.37667304104801,69.9496304315535,296.7755185438664,42.473055531283855,73.3990617244132,2582.3973732788213,7.701461278628744,185.91676037336975,1305.0372945146626,0,0,1,-1
32.93578021971853,70.86783435948719,80.5044201745649,44.76448268088379,96.52249063721018,2634.741866325994,1.702027765196945,7755.520410222348,8516.622412982999,1,1,0,-1
8.637609139140384,95.24357506398944,59.62574315057347,16.192607197021218,34.94342776938974,2683.4539657269725,0.3339408725084891,5242.666925517263,9378.719505101104,1,0,2,-1
8.520778048754378,96.25389497531044,30.7604943863088,19.97131461214879,98.74473854942246,4651.184233291675,9.618052198709156,6895.768856398505,8762.223998667838,0,1,3,-1
36.11374189460047,94.73213493860176,179.03986101395515,16.499151853284875,59.34147787419949,996.237666755414,0.0357027449307034,4855.53898349843,94.55097018108428,1,1,0,-1
31.568098257897688,68.35288201607896,180.6094788423925,17.864217434475506,21.1164425218579,574.683121554937,0.4232729452869543,6581.693736818387,6114.826979501281,0,1,3,-1
22.93289775695949,69.69349049771546,297.35940309575705,36.69220120484425,74.2661244046304,569.4823984610165,7.371970667271741,252.3957726143952,9954.238103793745,1,1,0,-1
10.59932142583392,95.7431425643022,1.3966744700346756,23.65057705653585,56.11784631458466,837.8138697788156,9.62654717869416,472.39306678925743,6091.474396716293,1,0,2,-1
28.41902646237747,85.49518726406706,26.09622170432656,16.177547734509293,99.00633153736516,3803.0348625790775,0.3084437773572002,8396.493142492342,5224.085761694774,1,0,2,-1
36.43879836735744,96.04775759894552,33.46652368926034,15.16009682757138,79.41782005696678,2137.3091612975127,7.807630546162803,875.4128372617075,3517.964699757856,0,1,3,-1
9.857262192078869,68.03605972711696,127.81812595282491,34.39515021618544,92.3935141264535,4341.028788601154,0.9392491493193568,8098.031306450575,6578.8146186947815,1,0,2,-1
27.984163363117897,72.15153303825808,115.1062204915274,44.76024699006008,55.36396138204071,142.19470620871925,1.8121982423608385,155.5052153167261,1343.4577438589556,0,1,3,-1
31.3027115279664,71.92607925597423,1.069929803878367,43.29454947633023,85.91818800946692,4745.443609909761,9.349968156907506,6977.497355362646,5400.7304696655165,0,0,1,-1
36.36180928840881,93.78757985596462,222.29797547549208,36.81118673380068,97.55374952627469,1685.9887542637564,0.0090386661474128,4148.079060205746,9269.098638616695,0,1,3,-1
36.83435158707072,96.69733517304503,67.44508217683963,26.619275941721646,61.1694773232879,125.58913471061472,4.5678119059100295,6239.554549447948,178.55859568222,1,1,0,-1
12.93413946513758,71.76869221823071,46.0311087627181,39.03286729292444,86.33363730488695,189.1622561853029,8.656191925432218,8555.241353006579,4989.007951066644,0,1,3,-1
27.707003260607834,96.8310399587703,109.95430610570293,15.434970534694736,20.499817286152727,4399.193927116405,0.2067367962388855,7229.8411795692655,6534.577522349698,1,1,0,-1
23.35969128401887,69.70025721385984,23.313738601058,38.8676704130864,33.880419396917645,1003.3402308434707,3.3626905487276426,1347.7208347782237,386.8026431153815,1,1,0,-1
8.434956510936964,78.93639486097872,125.19177571185848,41.54859158252511,97.44880586941478,3577.796332548177,8.78159172127483,8736.50024393353,3060.6593628173505,0,0,1,-1
33.532235183334535,95.8726076536998,186.65957570252087,23.808991887808595,99.18452126521476,4365.238778027611,1.5135133078026752,5395.872912847893,7219.749452571119,0,0,1,-1
12.171199658719017,91.13661535403874,52.27003226532538,30.80396209617417,32.529771361559064,468.3676244929391,0.0753315673676524,1792.8816042586284,9753.2010644578,0,0,1,-1
19.71051915217748,68.88810128489513,215.1114303976061,16.41559245186779,89.67227811290431,143.70167285806312,9.495284295795903,617.284591727951,5040.410473433881,1,1,0,-1
15.310026718654974,85.8698538981616,43.1371427522199,44.23462030502553,28.879913375810126,720.7654999246677,9.424452306970124,1655.2999326165884,326.9829035394312,0,0,1,-1
8.568705441753353,68.510473187339,238.82570888087247,37.12724916456773,37.316221878746376,3812.790282915717,9.973518258794984,763.6946331824744,9300.700632664171,1,1,0,-1
36.23707191065576,73.99709462437059,184.5527434149727,38.82976854811767,98.81802328378797,4720.839097925008,1.7987330164687754,5263.305204537408,2798.594998791221,1,1,0,-1
11.66981402469494,93.34917920382637,13.588538652750358,40.42385600744448,46.963340936964606,107.74419135520684,0.4787222888411735,8432.00985807818,2993.390516509501,1,0,2,-1
9.174766015298331,69.6278160526111,298.15441885661534,18.68181512618465,95.82935962624909,3680.906075346967,7.730562115461423,8138.3735854798115,6835.622877725506,0,1,3,-1
32.52660147144714,75.31493735323161,6.955803537907979,34.5566949145573,99.28533284976037,3285.798715326712,0.5467223920654729,6099.202208224582,1999.726422061737,1,1,0,-1
8.126427818740833,70.61299511179962,38.85783802626512,16.53860638027957,25.44298486747549,3323.097241254796,7.052411965292109,4208.671057559212,851.9585075415415,1,1,0,-1
34.81488205675024,93.76170417658405,216.71977466747032,17.276333684519663,77.77125202799898,4151.176430512649,9.348848634303774,131.6841465529895,8557.916905129177,1,1,0,-1
10.751642674279664,71.04472087862892,152.07963101879542,42.44366589894624,98.92179162580338,10.794203749199816,1.4428419465909392,7239.958989597941,1934.096551146991,0,0,1,-1
14.21470209736348,70.43894846281657,157.15789872248587,42.91231207888581,67.05774596752943,165.62016874256236,0.2090083159874711,8626.5424863182,8391.805312271086,0,0,1,-1
31.502554493621943,92.26480359876406,235.80758161484064,15.6554219066889,62.50075359337725,337.129142163366,9.176668981384791,1288.0658543588345,544.1025642966734,0,0,1,-1
26.48591598281916,71.57256475324208,62.85882048675463,16.39894928332152,28.7322994617898,477.7997187529376,6.013570893529527,557.0271128820768,9604.62646574782,1,1,0,-1
36.3536715719395,75.52201986141424,243.94343730435568,37.66524229575887,51.3480825951975,4308.739895141984,4.207781861441023,8452.915899225352,9728.355550081847,0,0,1,-1
36.91272458156398,71.75798617028954,103.72926534646145,44.7723654947379,95.59559768965242,1812.1517447754495,6.317459292763924,1239.378169816781,631.6328471165067,0,0,1,-1
14.139786575397004,68.73778613284074,159.5956486432637,38.05196465414615,25.87335446775329,4281.8333346880845,9.496855278207114,7905.76769746006,1101.5647638136006,1,1,0,-1
35.8911118720186,85.2801155523293,281.5776190145794,15.66457898246699,31.392913582325583,2154.256855169984,0.4754877073650487,6639.864608251148,2317.246215198936,1,1,0,-1
34.36044586553106,86.62747986657315,284.2404511132083,16.58252635140966,20.932153102316317,4892.105371471338,0.8324003278844272,5247.49895715374,2159.104159172408,1,0,2,-1
35.42326065472091,68.64439854607821,205.06509511728217,43.97016450749975,65.52862757147163,335.4441404015346,0.0456391702254499,8499.131839355474,6216.609498432866,0,1,3,-1
30.96528961424487,80.2371120376535,0.1033103953623215,17.184359763745828,27.19697394705408,799.0395385288007,8.498917160952997,6337.999954149364,129.16639158081944,1,1,0,-1
10.697880867485976,73.978780494305,16.849849363457604,23.551122751872448,89.52966476318689,4989.746683564356,1.5438956247763125,1277.7450952088873,1128.9256399264923,0,0,1,-1
34.531698353523616,96.88594170064913,266.88434037869393,22.74649253704129,65.11734169572433,4985.291136454206,1.8595610469037227,4652.905130452945,863.9816160956537,1,0,2,-1
12.902674724877468,69.10056410156557,214.80997048239823,15.77269175221734,76.72719825721894,1578.2771159264364,0.3090649159133907,1297.3515328680442,9419.400119582517,0,1,3,-1
8.687774448867927,69.30821887009142,193.86705834740383,42.62293558898811,81.42270473651644,3509.187972877028,0.1758111279419083,8487.556530546319,6616.627087528404,0,1,3,-1
28.923841615459285,85.37671563961214,258.9144130323989,44.29375448938205,21.02517204708008,4306.646764445784,9.461730610306097,4969.28121978985,9871.96629055164,0,0,1,-1
35.51244262893624,95.5907599555946,8.892021795516857,16.12892952455628,78.42733097981925,1465.3611828739442,8.2420044603869,556.9927537895741,4410.459979446994,0,1,3,-1
17.79361246700251,70.19244607794569,264.5134941499712,43.83877174529803,24.18671967617965,688.2066632444655,0.3536881499690048,6628.276159122431,8956.708088424899,0,1,3,-1
32.45940607556243,91.23805568080871,22.449790535240087,38.00010903030744,66.4734389023555,1902.4387894352333,9.180215118610636,403.5165675922605,359.4233078621989,0,1,3,-1
32.83226871335611,96.91981707604002,194.2816531745144,39.50957962954301,99.15023299126428,4438.414525116416,3.5094130353783246,891.4926231810789,2354.810254554274,1,1,0,-1
33.416207364530294,70.23377419476572,62.15307824592311,29.27615089367597,22.781408250499588,2928.5728985272262,9.77946284826768,8830.165292730826,8580.557249598358,0,1,3,-1
12.56397693119716,84.48252000658022,0.8802173408029579,15.679934235657724,23.6816634987275,1752.2483424764996,8.898086980624091,1409.1617154937362,9760.099845693136,0,0,1,-1
23.30110924832253,73.35818466421935,0.9812775993750522,15.796723445377896,89.29053437122265,4866.003644959118,3.1983089417649344,4083.495294207136,9431.872400229991,0,0,1,-1
14.664955211983546,68.78767774215595,33.96557325057803,30.50889307450614,94.8843816332411,3580.624104038565,6.896017983506722,1013.7092632292764,186.25660079736983,0,1,3,-1
36.146626646193454,94.91621140597364,277.3091885057069,40.95931572520389,23.639864468798784,1450.3644174406882,3.414537891720792,8311.389776521424,6380.412419137921,1,0,2,-1
9.258518178778264,96.46410942271253,218.64510983259905,21.912347118570658,80.21472574492472,384.6080092981136,3.272278548967431,14.223321102625466,8747.328165940466,1,0,2,-1
10.20027759549738,96.97968480294143,264.1093228573718,35.01023670763247,58.159323404034026,4908.275415976547,6.752827186331976,8366.629471246373,2267.50950162112,0,1,3,-1
35.23415225099698,79.99124745331673,256.8009497486545,42.41033682082392,84.48235250894592,385.1577457568417,9.28209021490593,1276.640015753739,6678.340591317687,1,1,0,-1
35.441670297089374,68.3114304721415,179.4165082618937,34.28359263891023,25.581276858931368,4285.467528838705,8.775210218837566,71.31815826614276,9979.599740345457,1,0,2,-1
10.96943942100212,96.36078046168063,297.6214651489534,34.582414333927886,68.87174354606861,4011.184926867751,1.737099209677223,6679.096914590883,212.28922196936284,0,1,3,-1
9.783666357300518,92.54002532648992,170.68279531988256,42.61453285116856,84.50409530690942,4889.149321899729,9.563471968931715,5307.630172326659,47.16393027103916,0,0,1,-1
29.54182354596111,70.16395261149253,176.60938608431755,43.33487284041539,28.389252705365067,190.14591472654,1.1026285390554669,6879.115705090609,446.8148892424151,1,1,0,-1
35.36987778703078,70.50804882239751,42.35414962097007,44.75939472858504,58.80459149310602,4436.153232385968,9.952675116626834,302.9713958169448,6475.776747306573,0,0,1,-1
15.624803181332265,77.27749541906874,297.5266948513627,44.35322491824825,44.95134185239792,4915.235853133013,2.0518802190649907,1468.452647686619,936.8123860331244,1,1,0,-1
22.434940344599998,96.9390377298723,38.80690986370657,41.92905032232472,44.03909851320928,102.64213533712486,9.221877339216588,7125.684289762156,8521.674776371035,0,1,3,-1
27.495625258044416,95.59489529662544,93.95050652482426,35.39607695928418,22.08519140582117,1582.0455466511085,0.0768462297417726,8658.269440133421,9729.419208460176,1,1,0,-1
24.24700244970852,96.21484560185807,33.60844659399963,43.59912229187772,92.71851540053495,3347.461680831621,0.1993535489054132,81.86792036034981,7700.4483250491,1,1,0,-1
15.613956670580006,68.09750897136516,246.81972269744085,34.81969008147736,89.25849495062454,4857.278374045327,9.558917781176833,8348.263443394579,6498.366412837173,1,0,2,-1
14.359563192640088,71.62161608397874,290.3316485789545,43.8159245175777,99.60394461811303,4600.992087692659,5.657635500578559,4806.9613699438905,5103.108020644798,1,1,0,-1
36.049182997439786,69.84623666398922,274.20464761096537,25.3273769841072,93.93960981783476,1047.296150306181,2.631415610381753,8755.454186110226,9364.75980534243,0,0,1,-1
14.237471634767692,68.70448839859363,22.461611240647027,44.72517381527638,65.04020194947284,590.3961256135332,6.926741155481225,3077.848193266516,1087.370464409737,0,1,3,-1
34.83267460805197,88.72831139647852,282.1420089184315,15.230731079319357,98.60605161988002,3998.767786781473,0.8860452519433304,8829.836601048612,8212.971890337143,0,1,3,-1
17.825233927886273,94.88127807048316,22.454655145668934,34.64372760824756,22.09832628375967,407.4383314206825,9.611822854373818,1335.9654758921886,1800.1281402708746,0,1,3,-1
11.280066938549876,73.68484684940172,124.30783539027634,43.72786847790052,93.74082692062552,151.75310948275234,9.256966253051806,149.81830001374578,6241.689755630801,0,1,3,-1
9.61633026854066,69.87353479450331,35.36581988640154,40.698294158621735,23.41985552743114,1322.3261125673057,1.7902874247449108,6587.880048999887,8380.607857385789,1,0,2,-1
8.145739597594046,89.07055054150601,250.604813852548,19.50948207368992,65.83652472792467,4823.605365957243,9.887023772824625,2277.610163538423,9517.306647384728,0,0,1,-1
9.686865002906815,72.02889691747302,235.7227839367568,15.149953610630304,78.71885498946405,3257.1438585451483,0.3377948502000916,1777.2495123491608,229.31617846346785,0,0,1,-1
35.14824372753127,73.01295522467308,295.65554968713525,25.57834481623301,26.101518546920992,529.696409134029,2.3373387224547693,638.2925737218894,6045.229929589661,0,0,1,-1
10.4438462162422,68.44127936103834,163.44912399893553,15.335955761427758,70.90591966562388,1580.8785232463351,9.217071849899565,1042.3909293676493,94.69679681536446,0,1,3,-1
33.91031257084636,95.55488188212972,282.35412280478005,25.602908948696488,28.58914363127002,208.2368542137947,8.881284767717318,2686.398679377594,9301.160838371805,1,1,0,-1
36.30631090042256,91.63919332534776,252.6822307899348,17.067991835223086,99.81699854879852,3574.126728451388,5.482743215433141,3138.75506606668,2114.4844289143816,0,0,1,-1
