GaugeID,count
INDOFLOODS-gauge-394,419
INDOFLOODS-gauge-560,268
INDOFLOODS-gauge-571,242
INDOFLOODS-gauge-361,219
INDOFLOODS-gauge-364,175
INDOFLOODS-gauge-349,169
INDOFLOODS-gauge-429,155
INDOFLOODS-gauge-427,135
INDOFLOODS-gauge-396,131
INDOFLOODS-gauge-29,127
INDOFLOODS-gauge-130,123
INDOFLOODS-gauge-1059,84
INDOFLOODS-gauge-85,83
INDOFLOODS-gauge-397,78
INDOFLOODS-gauge-739,78
INDOFLOODS-gauge-372,73
INDOFLOODS-gauge-679,70
INDOFLOODS-gauge-643,69
INDOFLOODS-gauge-32,65
INDOFLOODS-gauge-650,65
INDOFLOODS-gauge-472,57
INDOFLOODS-gauge-636,50
INDOFLOODS-gauge-707,48
INDOFLOODS-gauge-562,47
INDOFLOODS-gauge-440,46
INDOFLOODS-gauge-768,45
INDOFLOODS-gauge-1050,41
INDOFLOODS-gauge-509,39
INDOFLOODS-gauge-852,37
INDOFLOODS-gauge-369,35
INDOFLOODS-gauge-417,35
INDOFLOODS-gauge-609,35
INDOFLOODS-gauge-612,35
INDOFLOODS-gauge-715,34
INDOFLOODS-gauge-319,33
INDOFLOODS-gauge-858,33
INDOFLOODS-gauge-939,33
INDOFLOODS-gauge-355,31
INDOFLOODS-gauge-678,29
INDOFLOODS-gauge-724,28
INDOFLOODS-gauge-759,28
INDOFLOODS-gauge-526,27
INDOFLOODS-gauge-879,27
INDOFLOODS-gauge-640,26
INDOFLOODS-gauge-681,26
INDOFLOODS-gauge-412,25
INDOFLOODS-gauge-428,25
INDOFLOODS-gauge-589,25
INDOFLOODS-gauge-370,24
INDOFLOODS-gauge-1085,22
INDOFLOODS-gauge-208,22
INDOFLOODS-gauge-846,21
INDOFLOODS-gauge-308,20
INDOFLOODS-gauge-1086,19
INDOFLOODS-gauge-438,19
INDOFLOODS-gauge-1056,18
INDOFLOODS-gauge-196,18
INDOFLOODS-gauge-388,18
INDOFLOODS-gauge-727,18
INDOFLOODS-gauge-830,18
INDOFLOODS-gauge-861,18
INDOFLOODS-gauge-431,17
INDOFLOODS-gauge-603,17
INDOFLOODS-gauge-363,16
INDOFLOODS-gauge-346,15
INDOFLOODS-gauge-324,14
INDOFLOODS-gauge-642,14
INDOFLOODS-gauge-682,14
INDOFLOODS-gauge-872,14
INDOFLOODS-gauge-884,14
INDOFLOODS-gauge-420,13
INDOFLOODS-gauge-654,13
INDOFLOODS-gauge-916,13
INDOFLOODS-gauge-318,12
INDOFLOODS-gauge-423,11
INDOFLOODS-gauge-731,11
INDOFLOODS-gauge-1018,10
INDOFLOODS-gauge-1076,10
INDOFLOODS-gauge-1095,10
INDOFLOODS-gauge-391,10
INDOFLOODS-gauge-403,10
INDOFLOODS-gauge-646,10
INDOFLOODS-gauge-1013,9
INDOFLOODS-gauge-395,9
INDOFLOODS-gauge-635,9
INDOFLOODS-gauge-890,9
INDOFLOODS-gauge-338,8
INDOFLOODS-gauge-414,7
INDOFLOODS-gauge-97,7
INDOFLOODS-gauge-1100,6
INDOFLOODS-gauge-407,6
INDOFLOODS-gauge-833,6
INDOFLOODS-gauge-836,6
INDOFLOODS-gauge-896,6
INDOFLOODS-gauge-917,6
INDOFLOODS-gauge-925,6
INDOFLOODS-gauge-415,5
INDOFLOODS-gauge-684,5
INDOFLOODS-gauge-926,5
INDOFLOODS-gauge-1010,4
INDOFLOODS-gauge-162,4
INDOFLOODS-gauge-376,4
INDOFLOODS-gauge-411,4
INDOFLOODS-gauge-430,4
INDOFLOODS-gauge-1020,3
INDOFLOODS-gauge-175,3
INDOFLOODS-gauge-243,3
INDOFLOODS-gauge-665,3
INDOFLOODS-gauge-814,3
INDOFLOODS-gauge-885,3
INDOFLOODS-gauge-898,3
INDOFLOODS-gauge-1042,2
INDOFLOODS-gauge-1084,2
INDOFLOODS-gauge-31,2
INDOFLOODS-gauge-406,2
INDOFLOODS-gauge-421,2
INDOFLOODS-gauge-422,2
INDOFLOODS-gauge-446,2
INDOFLOODS-gauge-544,2
INDOFLOODS-gauge-585,2
INDOFLOODS-gauge-596,2
INDOFLOODS-gauge-617,2
INDOFLOODS-gauge-645,2
INDOFLOODS-gauge-786,2
INDOFLOODS-gauge-844,2
INDOFLOODS-gauge-922,2
INDOFLOODS-gauge-943,2
INDOFLOODS-gauge-944,2
INDOFLOODS-gauge-1012,1
INDOFLOODS-gauge-1074,1
INDOFLOODS-gauge-180,1
INDOFLOODS-gauge-19,1
INDOFLOODS-gauge-294,1
INDOFLOODS-gauge-329,1
INDOFLOODS-gauge-345,1
INDOFLOODS-gauge-367,1
INDOFLOODS-gauge-399,1
INDOFLOODS-gauge-404,1
INDOFLOODS-gauge-426,1
INDOFLOODS-gauge-434,1
INDOFLOODS-gauge-441,1
INDOFLOODS-gauge-445,1
INDOFLOODS-gauge-485,1
INDOFLOODS-gauge-602,1
INDOFLOODS-gauge-626,1
INDOFLOODS-gauge-648,1
INDOFLOODS-gauge-656,1
INDOFLOODS-gauge-668,1
INDOFLOODS-gauge-694,1
INDOFLOODS-gauge-705,1
INDOFLOODS-gauge-734,1
INDOFLOODS-gauge-832,1
INDOFLOODS-gauge-877,1
INDOFLOODS-gauge-889,1
INDOFLOODS-gauge-913,1
