column,dtype,missing_percent,unique_values,category
EventID,str,0.0,4548,IDENTIFIER
Start Date,str,0.0,2791,DATE_TIME
End Date,str,0.0,2985,DATE_TIME
Peak Flood Level (m),float64,0.0,3170,TARGET
Peak FL Date,str,0.0,2736,DATE_TIME
Num Peak FL,int64,0.0,14,POSSIBLE_LEAKAGE
Peak Discharge Q (cumec),float64,12.203166226912929,3655,TARGET
Peak Discharge Date,str,12.203166226912929,2452,DATE_TIME
Flood Volume (cumec),float64,12.686895338610379,3830,TARGET
Event Duration (days),int64,0.0,95,POSSIBLE_LEAKAGE
Time to Peak (days),int64,0.0,63,POSSIBLE_LEAKAGE
Recession Time (day),int64,0.0,77,POSSIBLE_LEAKAGE
Flood Type,str,0.0,2,TARGET
GaugeID,str,0.0,155,IDENTIFIER
T1d,float64,0.0,4409,POTENTIAL_FEATURE
T2d,float64,0.0,4416,POTENTIAL_FEATURE
T3d,float64,0.0,4421,POTENTIAL_FEATURE
T4d,float64,0.0,4424,POTENTIAL_FEATURE
T5d,float64,0.0,4426,POTENTIAL_FEATURE
T6d,float64,0.0,4430,POTENTIAL_FEATURE
T7d,float64,0.0,4431,POTENTIAL_FEATURE
T8d,float64,0.0,4431,POTENTIAL_FEATURE
T9d,float64,0.0,4432,POTENTIAL_FEATURE
T10d,float64,0.0,4433,POTENTIAL_FEATURE
Stream Order,int64,0.0,7,POTENTIAL_FEATURE
Maximal Flow Length,float64,0.0,150,POTENTIAL_FEATURE
Downvalley Length,float64,0.0,150,POTENTIAL_FEATURE
Drainage Area,float64,0.0,150,POTENTIAL_FEATURE
Catchment Relief,int64,0.0,142,POTENTIAL_FEATURE
Catchment Length,float64,0.0,150,POTENTIAL_FEATURE
Catchment Perimeter,float64,0.0,150,POTENTIAL_FEATURE
Sinuosity Index,float64,0.0,150,POTENTIAL_FEATURE
Form Factor,float64,0.0,150,POTENTIAL_FEATURE
Relief Ratio,float64,0.0,150,POTENTIAL_FEATURE
Elongation Ratio,float64,0.0,145,POTENTIAL_FEATURE
Circularity Ratio,float64,0.0,150,POTENTIAL_FEATURE
Lemniscates Value,float64,0.0,150,POTENTIAL_FEATURE
Drainage Texture,float64,0.0,150,POTENTIAL_FEATURE
Drainage Density,float64,0.0,150,POTENTIAL_FEATURE
Compactness Coefficient,float64,0.0,150,POTENTIAL_FEATURE
Wandering Ratio,float64,0.0,150,POTENTIAL_FEATURE
Fitness Ratio,float64,0.0,150,POTENTIAL_FEATURE
Basin Magnitude,int64,0.0,104,POTENTIAL_FEATURE
Channel Frequency,float64,0.0,72,POTENTIAL_FEATURE
Drainage Intensity,float64,0.0,148,POTENTIAL_FEATURE
Infiltration Number,float64,0.0,91,POTENTIAL_FEATURE
Ruggedness Number,float64,0.0,150,POTENTIAL_FEATURE
No. of Firstorder Streams,int64,0.0,104,POTENTIAL_FEATURE
No. of Secondorder Streams,float64,0.5936675461741424,70,POTENTIAL_FEATURE
No. of Thirdorder Streams,float64,5.540897097625329,42,POTENTIAL_FEATURE
No. of Fourthorder Streams,float64,28.298153034300793,17,POTENTIAL_FEATURE
No. of Fifthorder Streams,float64,57.40985048372911,8,POTENTIAL_FEATURE
No. of Sixthorder Streams,float64,84.98240985048373,3,HIGH_MISSINGNESS
No. of Seventhorder Streams,float64,99.73614775725594,1,CONSTANT
No. of Eigthorder Streams,float64,100.0,0,CONSTANT
Firstorder Streams Length,float64,0.0,150,POTENTIAL_FEATURE
Secondorder Streams Length,float64,0.6156552330694811,143,POTENTIAL_FEATURE
Thirdorder Streams Length,float64,5.540897097625329,129,POTENTIAL_FEATURE
Fourthorder Streams Length,float64,28.298153034300793,78,POTENTIAL_FEATURE
Fifthorder Streams Length,float64,57.87159190853123,49,POTENTIAL_FEATURE
Sixthorder Streams Length,float64,84.98240985048373,17,HIGH_MISSINGNESS
Seventhorder Streams Length,float64,99.73614775725594,5,HIGH_MISSINGNESS
Eighthorder Streams Length,float64,100.0,0,CONSTANT
Firstorder Streams  Mean  Length,float64,0.0,150,POTENTIAL_FEATURE
Secondorder Streams  Mean Length,float64,0.6156552330694811,143,POTENTIAL_FEATURE
Thirdorder Streams Mean Length,float64,5.540897097625329,129,POTENTIAL_FEATURE
Fourthorder Streams Mean Length,float64,28.298153034300793,78,POTENTIAL_FEATURE
Fifthorder Streams Mean Length,float64,57.87159190853123,49,POTENTIAL_FEATURE
Sixthorder Streams Mean Length,float64,84.98240985048373,17,HIGH_MISSINGNESS
Seventhorder Streams Mean Length,float64,99.73614775725594,5,HIGH_MISSINGNESS
Eighthorder Streams Mean Length,float64,100.0,0,CONSTANT
FirstSecond Stream Length Ratio,float64,0.6156552330694811,145,POTENTIAL_FEATURE
SecondThird Stream Length Ratio,float64,5.540897097625329,129,POTENTIAL_FEATURE
ThirdForth Stream Length Ratio,float64,28.298153034300793,88,POTENTIAL_FEATURE
FourthFifth Stream Length Ratio,float64,57.87159190853123,52,POTENTIAL_FEATURE
FifthSixth Stream Length Ratio,float64,84.98240985048373,18,HIGH_MISSINGNESS
SixthSeventh Stream Length Ratio,float64,99.73614775725594,5,HIGH_MISSINGNESS
SeventhEighth Stream Length Ratio,float64,100.0,0,CONSTANT
FirstSecond Bifurcation Ratio,float64,0.5936675461741424,103,POTENTIAL_FEATURE
SecondThird Bifurcation Ratio,float64,5.540897097625329,68,POTENTIAL_FEATURE
ThirdForth Bifurcation Ratio,float64,28.298153034300793,39,POTENTIAL_FEATURE
FourthFifth Bifurcation Ratio,float64,57.40985048372911,15,POTENTIAL_FEATURE
FifthSixth Bifurcation Ratio,float64,84.98240985048373,7,HIGH_MISSINGNESS
Sixthseventh Bifurcation Ratio,float64,99.73614775725594,2,HIGH_MISSINGNESS
SeventhEighth Bifurcation Ratio,float64,100.0,0,CONSTANT
Annual Mean Temperature,float64,0.0,150,POTENTIAL_FEATURE
Mean Diurnal Range,float64,0.0,150,POTENTIAL_FEATURE
Isothermality,float64,0.0,150,POTENTIAL_FEATURE
Temperature Seasonality,float64,0.0,150,POTENTIAL_FEATURE
Max Temperature of Warmest Month,float64,0.0,150,POTENTIAL_FEATURE
Min Temperature of Coldest Month,float64,0.0,150,POTENTIAL_FEATURE
Temperature Annual Range,float64,0.0,150,POTENTIAL_FEATURE
Mean Temperature of Wettest Quarter,float64,0.0,150,POTENTIAL_FEATURE
Mean Temperature of Driest Quarter,float64,0.0,150,POTENTIAL_FEATURE
Mean Temperature of Warmest Quarter,float64,0.0,150,POTENTIAL_FEATURE
Mean Temperature of Coldest Quarter,float64,0.0,150,POTENTIAL_FEATURE
Annual Precipitation,float64,0.0,150,POTENTIAL_FEATURE
Precipitation of Wettest Month,float64,0.0,150,POTENTIAL_FEATURE
Precipitation of Driest Month,float64,0.0,147,POTENTIAL_FEATURE
Precipitation Seasonality,float64,0.0,150,POTENTIAL_FEATURE
Precipitation of Wettest Quarter,float64,0.0,150,POTENTIAL_FEATURE
Precipitation of Driest Quarter,float64,0.0,150,POTENTIAL_FEATURE
Precipitation of Warmest Quarter,float64,0.0,150,POTENTIAL_FEATURE
Precipitation of Coldest Quarter,float64,0.0,150,POTENTIAL_FEATURE
KoppenGeiger Climate Type,str,0.0,4,POTENTIAL_FEATURE
2015_GDP_PPP,float64,0.0,150,POTENTIAL_FEATURE
2010_GDP_PPP,float64,0.0,150,POTENTIAL_FEATURE
2005_GDP_PPP,float64,0.0,150,POTENTIAL_FEATURE
2000_GDP_PPP,float64,0.0,150,POTENTIAL_FEATURE
1995_GDP_PPP,float64,0.0,150,POTENTIAL_FEATURE
1990_GDP_PPP,float64,0.0,150,POTENTIAL_FEATURE
2010_GDP_PC_PPP,float64,0.0,89,POTENTIAL_FEATURE
2015_GDP_PC_PPP,float64,0.0,89,POTENTIAL_FEATURE
2005_GDP_PC_PPP,float64,0.0,89,POTENTIAL_FEATURE
2000_GDP_PC_PPP,float64,0.0,89,POTENTIAL_FEATURE
1995_GDP_PC_PPP,float64,0.0,89,POTENTIAL_FEATURE
1990_GDP_PC_PPP,float64,0.0,89,POTENTIAL_FEATURE
Night Light,float64,0.0,150,POTENTIAL_FEATURE
Road Density,float64,0.0,150,POTENTIAL_FEATURE
Urban percentage,float64,0.0,148,POTENTIAL_FEATURE
2010_HDI,float64,0.0,93,POTENTIAL_FEATURE
2015_HDI,float64,0.0,93,POTENTIAL_FEATURE
2005_HDI,float64,0.0,93,POTENTIAL_FEATURE
2000_HDI,float64,0.0,93,POTENTIAL_FEATURE
1995_HDI,float64,0.0,93,POTENTIAL_FEATURE
1990_HDI,float64,0.0,93,POTENTIAL_FEATURE
Population Count,float64,0.0,150,POTENTIAL_FEATURE
Population Density,float64,0.0,150,POTENTIAL_FEATURE
Land cover,str,0.0,4,POTENTIAL_FEATURE
Soil type,str,0.0,8,POTENTIAL_FEATURE
lithology type,str,0.0,6,POTENTIAL_FEATURE
Warning Level,float64,0.0,143,POTENTIAL_FEATURE
Danger Level,float64,2.132805628847845,139,POTENTIAL_FEATURE
Station,str,0.0,153,IDENTIFIER
Latitude,float64,0.0,150,POTENTIAL_FEATURE
Longitude,float64,0.0,149,POTENTIAL_FEATURE
River Name/ Tributory/ SubTributory,str,0.0,105,IDENTIFIER
Basin,str,0.10993843447669306,22,POTENTIAL_FEATURE
State,str,0.0,15,POTENTIAL_FEATURE
Start_date,str,0.0,104,DATE_TIME
End_date,str,0.0,18,DATE_TIME
Level_Entries,int64,0.0,149,POTENTIAL_FEATURE
Streamflow_Entries,int64,0.0,105,POTENTIAL_FEATURE
Privacy,str,0.0,1,CONSTANT
Source Catchment Area,float64,1.0993843447669305,134,POTENTIAL_FEATURE
Catchment Area,float64,0.0,150,POTENTIAL_FEATURE
Area variation (%),float64,1.0993843447669305,135,POTENTIAL_FEATURE
Reliability,str,0.0,2,POTENTIAL_FEATURE
