,Missing Count,Missing Percentage
Fifthorder Streams Length,2632,57.87
Fifthorder Streams Mean Length,2632,57.87
FourthFifth Stream Length Ratio,2632,57.87
FourthFifth Bifurcation Ratio,2611,57.41
No. of Fifthorder Streams,2611,57.41
Fourthorder Streams Length,1287,28.3
ThirdForth Stream Length Ratio,1287,28.3
No. of Fourthorder Streams,1287,28.3
Fourthorder Streams Mean Length,1287,28.3
ThirdForth Bifurcation Ratio,1287,28.3
Flood Volume (cumec),577,12.69
Peak Discharge Q (cumec),555,12.2
No. of Thirdorder Streams,252,5.54
Thirdorder Streams Length,252,5.54
SecondThird Bifurcation Ratio,252,5.54
Thirdorder Streams Mean Length,252,5.54
SecondThird Stream Length Ratio,252,5.54
Danger Level,97,2.13
Area variation (%),50,1.1
Source Catchment Area,50,1.1
FirstSecond Stream Length Ratio,28,0.62
Secondorder Streams Length,28,0.62
Secondorder Streams  Mean Length,28,0.62
No. of Secondorder Streams,27,0.59
FirstSecond Bifurcation Ratio,27,0.59
Basin,5,0.11
