,count,mean,std,min,25%,50%,75%,max
Peak Flood Level (m),4548.0,220.16352726473175,221.4937635316569,2.53,15.9975,222.195,311.3425,4485.0
Peak Discharge Q (cumec),3993.0,2445.5747933884295,4257.918733132172,0.0,488.6,1175.0,2658.0,79618.82
Flood Volume (cumec),3971.0,8060.50482749937,51045.46003772457,0.22,746.685,2207.3,6245.0,2870214.93
Num Peak FL,4548.0,1.142919964819701,1.4104063603643886,1.0,1.0,1.0,1.0,74.0
Event Duration (days),4548.0,10.357959542656113,180.9630173393753,1.0,1.0,2.0,4.0,11147.0
Time to Peak (days),4548.0,4.181618293755497,46.3388851500497,1.0,1.0,1.0,2.0,1900.0
Recession Time (day),4548.0,7.1763412489006155,146.03635737836004,1.0,1.0,2.0,3.0,9357.0
T1d,4548.0,39.29984696612116,43.30101653942974,0.0,8.653060306,25.145709955,56.19242056,367.7128925
T2d,4548.0,70.48958805509169,72.83062772142448,0.0,19.124573515,47.5469713,98.7153019175,700.4297425
T3d,4548.0,94.42794939938787,96.43877689339992,0.0,27.88370242,64.08243225000001,129.70143689999998,809.3213333
T4d,4548.0,115.06437919425704,117.56628018937626,0.0,36.0850158175,78.898362755,155.04493285,1015.698287
T5d,4548.0,134.716612499427,137.56727219544507,0.0,43.29358317,92.744836355,180.0142131,1166.75923
T6d,4548.0,154.0632444081284,156.94925996440452,0.0,50.9302348775,107.63119485,202.629441675,1314.216843
T7d,4548.0,173.23073597286213,176.58131097579832,0.0,58.5553901625,121.7160901,224.5965989,1400.355017
T8d,4548.0,191.69773699596175,195.42586917029396,0.0,65.9300850225,135.30689795,242.58422875,1773.508063
T9d,4548.0,209.82639464590454,214.21032936943308,0.0,72.6871958025,148.37751860000003,263.093803275,2057.003275
T10d,4548.0,227.04358021331774,231.23075136312056,0.0,79.872541605,161.44340469999997,283.955031325,2123.625122
Stream Order,4548.0,4.23438874230431,1.1462392587264623,1.0,3.0,4.0,5.0,7.0
Maximal Flow Length,4548.0,248623.3443315611,197817.48170893063,3461.544189,92433.67969,191142.1094,383689.8125,1393229.75
Downvalley Length,4548.0,154627.87989753517,122655.57580557912,2699.78125,63096.3125,122980.0,210795.125,915337.375
Drainage Area,4548.0,16937.28673680985,23830.45966720001,24.7110157,1797.186646,8031.312988,35499.88672,305683.8125
Catchment Relief,4548.0,1313.8342128408092,1222.8299180002036,4.0,791.0,1050.0,1482.0,7735.0
Catchment Length,4548.0,168188.7778617843,125084.68146621229,5290.930664,71596.64844,128386.2422,218361.8281,938523.5625
Catchment Perimeter,4548.0,646456.5322719107,503816.87419757096,16920.5918,238354.125,535352.3125,1153233.625,4014486.0
Sinuosity Index,4548.0,1.6359845496187335,0.5449320766261745,1.042151451,1.356808782,1.478440166,1.591602445,3.222101688
Form Factor,4548.0,0.4408512464138082,0.16847311589171876,0.122889385,0.315605134,0.449511528,0.527446508,1.17961359
Relief Ratio,4548.0,0.013586087028583991,0.014187949418905426,0.000297355,0.004030008,0.005819543,0.018927801,0.1151499
Elongation Ratio,4548.0,1.8743861103781882e-09,1.0030313763994673e-08,6.83e-12,8.62e-11,3.08e-10,1.17e-09,1.35e-07
Circularity Ratio,4548.0,0.3943682324199648,0.11950268906670748,0.140669942,0.313190252,0.371705264,0.44915995,1.084599376
Lemniscates Value,4548.0,2.6892747500175904,1.2290965170669441,0.847735226,1.895926833,2.224637032,3.168516159,8.137399673
Drainage Texture,4548.0,0.00029878679265611256,0.00019822737809949468,1.94e-05,0.000138881,0.000241113,0.000482484,0.001294562
Drainage Density,4548.0,0.00015824439116094986,1.1609323969738108e-05,7.33e-05,0.000153756,0.000158526,0.000163947,0.000192187
Compactness Coefficient,4548.0,1.6536476069991204,0.23370388763416663,0.967033446,1.502711654,1.651873589,1.799583673,2.685193062
Wandering Ratio,4548.0,1.3988551066073,0.22624284050446355,0.61189127,1.260267019,1.404129624,1.491856813,2.187506199
Fitness Ratio,4548.0,0.3810079532117414,0.0641918857500933,0.184937716,0.340736449,0.385263443,0.426165342,0.562023342
Basin Magnitude,4548.0,222.2763852242744,315.74265702272857,1.0,21.0,102.0,478.0,4101.0
Channel Frequency,4548.0,1.7441440193491646e-08,3.0482137983052824e-09,8.07e-09,1.66e-08,1.69e-08,1.79e-08,4.1e-08
Drainage Intensity,4548.0,0.00011189699802110817,3.369839830652358e-05,6.3e-05,0.000100678,0.000104651,0.000116676,0.00045919
Infiltration Number,4548.0,2.7451165347405452e-12,3.823508585987026e-13,1.03e-12,2.58e-12,2.68e-12,2.91e-12,4.49e-12
Ruggedness Number,4548.0,0.2070638486189534,0.189934261998049,0.000541393,0.127875373,0.168565348,0.243137047,1.218192577
No. of Firstorder Streams,4548.0,222.2763852242744,315.74265702272857,1.0,21.0,102.0,478.0,4101.0
No. of Secondorder Streams,4521.0,49.043795620437955,67.98445834964417,1.0,5.0,21.0,105.0,860.0
No. of Thirdorder Streams,4296.0,11.500931098696462,14.918576026480626,1.0,2.0,5.0,23.0,180.0
No. of Fourthorder Streams,3261.0,3.278135541245017,3.253253730591985,1.0,1.0,2.0,5.0,40.0
No. of Fifthorder Streams,1937.0,1.4615384615384615,0.9060701561034386,1.0,1.0,1.0,2.0,11.0
Firstorder Streams Length,4548.0,1424026.9028858077,2029878.7655962193,2177.75,132401.125,688777.5625,3041328.0,26209998.0
Secondorder Streams Length,4520.0,676010.3731556721,936646.2264554313,921.4500122,82858.82031,330012.4688,1289997.0,11301700.0
Thirdorder Streams Length,4296.0,378446.3282133403,480222.78788850637,1270.963135,62400.69141,166609.1094,806104.5625,5876153.0
Fourthorder Streams Length,3261.0,260373.53985667895,243730.09650381026,18236.33203,91900.45313,147985.1094,470864.0,3152302.25
Fifthorder Streams Length,1916.0,219897.86433405636,205066.6458747285,8097.509277,103014.375,127735.9063,310763.25,1722194.375
Firstorder Streams  Mean  Length,4548.0,6159.535364206464,1253.5245881229785,2177.75,5715.290527,6362.61084,6752.721191,15865.49219
Secondorder Streams  Mean Length,4520.0,14408.609880911328,5062.404243831695,921.4500122,12285.68555,13198.46289,15154.1377,57420.5
Thirdorder Streams Mean Length,4296.0,35639.061051230456,13716.67501194882,1270.963135,27553.84961,33310.93359,38118.43359,113034.3672
Fourthorder Streams Mean Length,3261.0,85445.38251580497,37942.54594170146,18236.33203,52868.6875,93836.30469,102879.6875,243019.6406
Fifthorder Streams Mean Length,1916.0,142831.10739408765,90299.13360439321,8097.509277,86895.375,127735.9063,221117.2305,580477.3125
FirstSecond Stream Length Ratio,4520.0,0.5163296697564159,0.18730936546878021,0.072441898,0.432186812,0.475874007,0.56940347,2.171432257
SecondThird Stream Length Ratio,4296.0,0.6683460730060521,0.37705684516203486,0.020654876,0.46516183,0.58013469,0.681849778,2.508250237
ThirdForth Stream Length Ratio,3261.0,0.6715634628187673,0.40035263387302655,0.15044865,0.440187752,0.615426004,0.823529184,6.002673626
FourthFifth Stream Length Ratio,1916.0,0.6259067912385178,0.39251906076868737,0.084645905,0.271279842,0.504128158,0.966155887,1.372495413
FirstSecond Bifurcation Ratio,4521.0,4.686895049641009,0.9241740003223744,2.0,4.222222328,4.586206913,5.031745911,10.0
SecondThird Bifurcation Ratio,4296.0,4.388377476566573,1.884483835967325,2.0,3.0,4.199999809,5.0,10.33333302
ThirdForth Bifurcation Ratio,3261.0,4.170591187004293,1.2393515858869861,2.0,3.0,4.0,5.0,7.333333492
FourthFifth Bifurcation Ratio,1937.0,3.3881471984223026,1.2593955456369406,2.0,2.5,3.0,4.666666508,9.0
Annual Mean Temperature,4548.0,24.569440089050133,3.0739899612338735,7.806537,24.244818,25.360485,25.900796,28.737499
Mean Diurnal Range,4548.0,10.48974522757256,1.711423345410517,7.488912,8.909653,10.596556,12.395574,14.510443
Isothermality,4548.0,52.96059568931399,8.284950756034455,40.461182,44.096173,55.22015,57.902121,67.929835
Temperature Seasonality,4548.0,272.8592693599384,134.9634631234369,91.365548,147.800259,216.506056,418.174821,569.908997
Max Temperature of Warmest Month,4548.0,35.14829883795075,4.61129120553722,17.580836,32.918849,34.462644,38.112799,42.526591
Min Temperature of Coldest Month,4548.0,14.472204015171503,4.626153275595072,-5.958672,12.15149,14.624457,16.477877,21.504091
Temperature Annual Range,4548.0,20.676094788038696,5.993837823550575,11.245065,15.798,19.441791,26.161745,33.313698
Mean Temperature of Wettest Quarter,4548.0,24.55115450505717,2.346925410750125,13.472271,23.524947,25.19753,25.954739,29.356649
Mean Temperature of Driest Quarter,4548.0,23.315121766051014,4.24016945183014,2.495361,22.559349,24.019813,25.580189,28.860595
Mean Temperature of Warmest Quarter,4548.0,28.253664489665788,3.31366872428295,13.476865,27.133015,28.193134,30.645275,33.01995
Mean Temperature of Coldest Quarter,4548.0,21.40435992260334,3.960156794656317,1.348548,20.673906,21.929353,23.129677,26.224242
Annual Precipitation,4548.0,1809.3001182359278,1200.972153255371,588.617322,1094.228818,1286.5322,2200.758763,6177.069164
Precipitation of Wettest Month,4548.0,548.1881008172822,468.1738670380859,132.218871,293.334314,349.187544,592.209135,2212.072046
Precipitation of Driest Month,4548.0,5.7955973764292,8.131471011918325,0.0,1.000509,2.542017,6.408204,34.969611
Precipitation Seasonality,4548.0,111.84842687159191,25.049442973375395,57.573687,96.554501,110.528196,134.412639,162.405361
Precipitation of Wettest Quarter,4548.0,1245.0392776130168,988.3116510738699,309.830659,655.059654,909.864179,1191.166045,5073.181556
Precipitation of Driest Quarter,4548.0,30.117227023746704,37.205786272743595,1.014925,8.564356,17.029243,31.647134,151.076923
Precipitation of Warmest Quarter,4548.0,251.07661631508358,207.6697715640919,63.414073,145.1616,182.191588,303.344387,2198.84831
Precipitation of Coldest Quarter,4548.0,408.1881128370712,898.9377645130833,3.490672,35.193297,56.531603,172.04169,4169.56196
2015_GDP_PPP,4548.0,192511040.3814226,144840117.48456928,11604603.96,90783642.85,170672265.3,244598578.8,1718174184.0
2010_GDP_PPP,4548.0,139426116.14089513,104297209.20019239,8883316.555,65803515.66,122698646.5,176200390.4,1227995574.0
2005_GDP_PPP,4548.0,95486349.16307233,71062031.64592804,6276351.351,41917214.21,83419121.57,122631951.9,822393725.8
2000_GDP_PPP,4548.0,65286862.5640543,47751117.36548534,4815859.954,28062109.21,58087321.53,82808154.13,544042533.6
1995_GDP_PPP,4548.0,48722663.942419745,35080678.759761795,3456601.427,23433844.98,51122901.3,60171699.36,454913635.6
1990_GDP_PPP,4548.0,35328132.112120934,24005312.450409144,2624828.332,17480778.51,36064275.01,43044915.36,307696847.3
2010_GDP_PC_PPP,4548.0,5240.543375195031,1165.6167034964606,2234.119033,4357.184359,5127.34196,6329.4634,7055.1577
2015_GDP_PC_PPP,4548.0,6807.560258808928,1511.3946834938415,2905.900414,5667.35392,6669.091987,8232.682,9176.586
2005_GDP_PC_PPP,4548.0,3824.972512206464,870.9797253660381,1586.975679,3211.973055,3835.7205,4635.839,5155.1304
2000_GDP_PC_PPP,4548.0,2825.1029745529904,591.9436659984775,1344.580488,2508.637112,2808.6616,3245.9465,3743.8674
1995_GDP_PC_PPP,4548.0,2332.3781171728233,577.3913716972428,1148.152526,2185.2522,2198.1104,2400.457416,3565.661
1990_GDP_PC_PPP,4548.0,1876.885674900176,433.9186740675551,1109.451812,1649.214,1772.2565,1985.122795,2801.1133
Night Light,4548.0,3.0865034069920845,2.7879147777284268,0.030009,1.169675,2.135732,5.040742,22.624549
Road Density,4548.0,349.4256513623571,143.48151154130898,49.171875,247.128713,360.825806,418.75,1484.3
Urban percentage,4548.0,14.222707076826957,10.423574205001458,0.0,6.180017227,13.35676626,17.79831258,64.70588235
2010_HDI,4548.0,0.6641300934736147,0.14132639178734843,0.4563203,0.557540946,0.65422714,0.709488352,0.9958371
2015_HDI,4548.0,0.7059261908260774,0.13417051318873494,0.4909377,0.599837208,0.7038582,0.763311661,1.0
2005_HDI,4548.0,0.6140312699421724,0.13044856083788645,0.42170292,0.515244783,0.60459614,0.655665179,0.9202909
2000_HDI,4548.0,0.5661956355718997,0.12011268043171427,0.388659,0.47487111,0.55722106,0.604288421,0.8481785
1995_HDI,4548.0,0.5274213546000439,0.11179201220578025,0.3619092,0.442187659,0.5188698,0.56269768,0.7898019
1990_HDI,4548.0,0.4909353157398856,0.10398624486918083,0.33673292,0.411426784,0.48277453,0.523553486,0.7348591
Population Count,4548.0,5425562.321660838,7302343.95201557,3697.688812,591242.8155,1843435.0,9375945.0,69173810.0
Population Density,4548.0,340.7963949481091,231.7344613240242,20.618854,200.931692,288.356943,430.380223,1913.898914
Warning Level,4548.0,214.41602946350042,208.1861684886237,2.5,14.0,218.0,310.0,1496.4
Danger Level,4451.0,215.3203318355426,210.30282888389695,3.5,17.0,220.98,312.0,1496.8
Latitude,4548.0,16.264676671064205,4.7476309590350185,8.16,12.4167,15.9483,20.7947,26.7292
Longitude,4548.0,78.21264472295515,3.849219643693161,72.7917,75.885,77.1925,78.435,91.5919
Level_Entries,4548.0,12909.900615655233,5493.015019316476,57.0,10807.0,14310.0,17266.0,19776.0
Streamflow_Entries,4548.0,12758.593007915568,5585.650703679768,0.0,10581.0,14703.0,17095.0,19626.0
Source Catchment Area,4498.0,17148.469266340595,24501.40496858925,75.0,1897.5,7890.0,35520.0,311150.0
Catchment Area,4548.0,16937.28673680985,23830.45966720001,24.7110157,1797.186646,8031.312988,35499.88672,305683.8125
Area variation (%),4498.0,11.513610119007335,80.51342007613403,0.045082274,0.566492503,1.890416365,5.184181042,846.9896521
Event_Start_Year,4548.0,1997.9879067722075,14.567108342169007,1965.0,1986.0,1998.0,2011.0,2020.0
Event_Start_Month,4548.0,7.952066842568162,1.6190768500666624,1.0,7.0,8.0,9.0,12.0
Event_Start_DayOfYear,4548.0,226.0197889182058,49.0374206178132,1.0,200.0,222.0,257.0,364.0
