Actual,Predicted
23.5,26.015111789336355
42.2,14.106208307618301
13.8,15.903026455766433
17.6,15.836979418729394
14.8,13.909752095497081
13.2,14.004180666925656
48.2,14.012781279952478
15.8,13.609594158740355
15.8,13.504001323491309
33.4,14.288880212380194
48.2,13.598840353535333
13.6,14.530393872053851
26.6,14.05555318397438
17.0,13.515331750841726
21.2,13.47355601010099
36.4,14.058177676767652
29.4,13.612377350641037
15.8,14.280470781820002
13.0,13.84345246031743
12.97,14.30062523708696
12.44,13.950006830698038
12.3,14.302478474979667
14.5,14.228579714295917
14.32,19.821342317460235
13.62,17.645487899819525
21.06,17.300610153078352
14.85,20.50248135554025
13.25,26.595779798154876
13.15,19.731276570641622
127.15,171.15763333333308
126.6,172.4220516666666
126.4,177.89536666666646
10.0,11.762271951295803
310.19,283.19904194344764
310.65,283.6870829852506
310.3,283.5647310546586
310.42,284.49037237613476
311.81,283.24843484703223
310.96,283.768663163644
310.76,283.43082127465607
310.1,283.15830576228814
312.2,283.4102686123822
310.8,283.34213394706046
310.01,283.2212052656241
312.56,283.22976853603757
311.71,283.20227460396075
313.01,283.61602696746394
311.54,283.3617173742745
310.87,283.2579501104224
312.9,283.0373784506476
313.26,283.0486872192443
310.22,284.13328304192413
310.08,283.3563718966745
310.27,283.0165915978186
310.2,283.04123744870316
311.25,282.9991330053668
311.95,283.51616895829756
310.47,283.9826602464887
311.29,283.29370402883245
310.1,283.1741349706744
313.08,283.5535304469473
310.27,283.3028709368195
314.77,283.334783723412
311.1,283.3829885369679
311.96,283.5384644628855
310.45,283.0666894037447
312.43,283.1836083173442
310.45,283.6640349709224
310.02,282.8585231723846
310.03,282.94035334691944
311.45,283.6032911802851
312.11,283.3660637144714
313.63,283.60379589095396
311.26,282.95554013052106
312.98,283.16823985156043
310.65,282.8964353302309
312.79,283.05559950833725
310.06,283.1353056434802
310.12,283.6340621208737
312.56,283.0003317923833
312.5,282.9266263411071
313.5,282.99853612112946
310.47,282.8745256598902
310.36,283.1873519894691
311.92,283.3106974048131
310.41,282.930166463586
310.19,283.1261898783435
311.05,282.62309525160356
310.53,283.38649493280997
310.56,283.1963035845673
310.06,283.16629060091935
310.02,283.0484208619686
310.32,282.9155487195416
310.78,283.3204911847584
310.69,283.18456813435074
310.5,283.24700073362413
310.37,283.25443336901515
310.29,283.009764949148
310.98,283.1560141977991
310.87,283.01510128466595
310.32,283.071457222936
311.45,283.44167687587213
311.11,283.4996288862351
311.54,283.1986938483647
315.71,283.72408218085076
310.86,283.0873143129935
311.25,282.90559958455293
311.38,282.87823888133977
310.26,282.78934370151575
312.91,282.9203078788651
310.91,283.03978668349976
310.12,282.99042137746454
310.44,283.25008730939237
310.81,283.00430812487457
311.38,283.0568284856354
312.24,283.41739486455316
310.9,283.2926957161946
311.81,283.00421701774576
310.5,283.0049159985609
310.46,283.06505306660426
310.69,282.9582327176716
310.44,282.75853195559307
311.18,283.3803376117789
310.58,282.9798357013186
311.54,283.1147899354014
310.36,283.0471880547309
310.98,282.95751733178173
310.49,282.75165586764854
310.08,282.8267413683242
310.38,283.58449270863304
310.33,282.9581186871441
310.58,283.3628389006704
311.33,283.20293054692087
311.6,282.9890331460313
310.38,283.03074854910346
310.16,282.88607000852716
311.73,283.3504333842742
312.04,283.4655645068023
311.63,283.3333658616851
310.39,283.8833045932077
310.07,283.22130491385957
313.08,282.9625458574797
313.82,282.93888235986776
312.41,282.9306419647322
310.53,283.0607139753964
310.01,282.676895945541
310.8,283.26517215101046
310.78,283.3143030211046
310.44,283.17592648444287
318.77,283.29085263347804
312.69,283.2651654295526
310.57,282.9540571657019
311.03,283.1561816301322
311.39,283.3827905360715
312.01,282.9604635684188
310.08,283.41105253425417
310.32,283.43937447984024
310.09,283.0399307249971
310.1,283.077088687952
312.9,293.7195065203865
606.7,584.0078237741628
605.5,584.2063209319532
606.43,585.9524294175915
605.52,585.9798126781101
605.31,582.7198897233383
606.6,585.7927687142517
606.5,584.2034747070192
605.35,583.0217233619198
605.38,583.9853382886537
605.33,583.9972578563734
605.5,583.8994988080078
605.47,585.7675119024559
605.38,584.2399312611531
605.75,584.329312926194
606.5,582.5753655621721
606.43,583.1298903484014
605.52,583.9497665986621
605.43,585.6291537730066
605.35,584.2602270685843
605.5,581.7509674364956
605.7,584.0936133999403
605.68,583.0210830483521
605.75,583.0112167499829
605.66,584.159702090096
605.75,582.1618511567591
605.5,584.2179924434511
605.34,584.1142022929135
639.7,605.560786389926
605.54,585.9099511967478
605.55,583.0253124020718
608.1,581.3657757891442
605.71,582.7817154779308
606.97,584.0301366100588
277.75,282.6992466912186
277.71,283.32928448466527
276.11,283.34401700359524
276.71,282.73700156223964
277.3,282.7283242880712
276.21,283.16141554232865
278.08,282.7440490177133
276.63,283.3316589473958
276.32,283.16707265921525
276.21,283.23420336276445
277.1,283.00968102073233
277.13,282.94434144313834
277.36,282.86562651098967
277.1,282.9283691249497
278.34,283.0624896121128
276.42,282.8225202374757
276.69,283.3130981136414
276.01,283.07431452178696
276.45,282.8023213082512
276.44,282.899419650294
276.71,283.06017050264614
277.88,282.95702256613816
276.42,282.834467257445
276.69,282.84782265370455
277.29,283.1553311660432
276.17,283.20726671421113
276.3,282.81342323052144
276.09,282.85555454961536
276.12,282.83530159694504
277.83,282.98538198914304
276.59,282.9047390154891
276.48,283.0333220458169
276.63,283.13209211772005
276.11,283.16267443854554
278.16,282.58107104437437
276.88,283.3595317732486
276.58,283.01161394259134
277.07,283.3068705472364
276.88,282.6313213915708
276.59,282.33420222216716
276.32,282.6809002456071
276.2,282.8110651094025
276.65,282.71351781792805
276.72,283.00224179807424
280.44,283.2352683735469
276.04,283.04324630377613
276.86,282.5599658836866
278.01,282.5326853437835
276.11,282.49789539673014
276.61,282.6175380237128
277.52,282.9735857542191
276.64,282.8579593455967
276.31,282.8213948960153
276.98,282.68288094838977
276.35,282.77193352183986
276.94,283.00561637573225
276.56,282.74438872702956
276.97,283.3538195138426
277.84,282.49586219346037
278.39,282.46328312010166
277.31,282.71330211711637
281.58,282.76659565580655
276.68,282.81326231938573
276.11,282.6378255517746
276.69,292.81305783679187
567.8,606.0911531188019
588.33,606.0429644567192
588.77,605.4886884058521
566.75,603.3906453439151
567.63,603.0751162377449
566.88,603.7439889235317
566.63,602.8751972568649
566.74,603.5433730642218
566.88,603.030560286444
567.24,602.9283784325575
566.62,602.9062292017885
566.51,604.1276728037542
566.56,604.1735883333336
569.3,649.255666111111
514.7,561.6329225842175
515.07,561.6924900838828
514.55,561.9518521470618
514.62,561.6599514118346
514.76,561.8674686417559
514.59,561.6037016555138
514.53,561.929395289133
515.45,561.4455633247384
514.66,561.5386308312598
514.84,561.7196539887034
516.47,561.6056742943573
514.7,561.4976443424916
514.69,561.2794245419628
514.62,561.4108076176724
515.05,561.5175486416186
515.6,561.5744673875683
515.38,561.5704110470374
515.43,561.7128056111313
518.11,559.4364787664243
517.57,561.4728352122755
514.83,561.6329926310309
515.24,561.9103081377706
514.69,561.8274846239199
514.74,561.4218446593441
514.85,561.4995315850786
514.74,561.4915814501662
514.81,561.501721152831
515.15,562.0076388001577
514.81,561.7371948213188
517.28,561.6314277678723
516.68,561.6582984348156
515.49,561.5698249298442
515.52,561.719841472708
514.97,561.9574008983462
515.38,561.7197889341813
356.35,373.1975122222223
355.26,372.9098177777775
357.84,372.5592888888884
358.14,373.92663722222176
11.06,12.480702350055614
12.53,12.353291963990952
11.88,12.657100721005268
11.94,12.72801752122275
12.08,12.27894594075891
7.11,7.370791950780702
6.68,6.71836084083095
7.9,7.3658178268642045
6.27,6.947759058180636
6.5,6.89724821389071
6.6,6.753203982978683
6.28,6.893628233896099
6.41,6.9689375281670545
7.12,7.012079361489533
7.78,7.400070968405936
6.5,6.419403662851896
6.91,6.799054319847474
7.17,7.086901186163435
7.49,6.920488230697266
6.53,6.88145579479619
7.18,7.152499819339328
6.18,7.371817578802086
6.83,6.765737015212248
6.17,7.179946021055835
6.17,7.309984763645747
7.85,7.065564755952235
8.1,7.169214732304155
9.4,8.30108509706411
6.74,7.582479788726337
7.9,7.1034866010255335
9.11,9.519531939815629
9.16,10.068354974299321
9.98,9.484867193214667
11.94,9.471884216533853
9.41,9.386396514421172
9.21,9.319709482840976
9.98,9.265927119280319
9.08,10.406907817351337
13.73,9.64494484386931
9.13,9.586859196199665
9.29,9.770704858263844
9.38,9.49017443004566
9.27,9.44036010036737
10.5,9.432667369196116
10.23,9.411014663663241
9.88,9.275073717032706
9.75,10.113974545725728
10.03,9.429058824355932
9.4,9.567946634000755
9.16,9.485297504711365
9.69,9.43409701317566
10.76,9.443814337016276
9.55,9.4292096593288
9.54,9.408053997456435
9.66,9.313748090555169
10.16,9.391426015359656
9.13,9.467065809512178
11.4,9.490881970283755
11.3,9.559755523554323
9.78,9.450771511180653
11.13,9.928098339884354
11.15,9.750916206109986
9.91,9.319752359008021
11.84,9.28833227953748
9.03,9.427695149055126
9.07,9.437103294100279
9.27,9.370855333542316
9.01,9.548398331182982
9.45,9.500392261444297
9.58,9.441794880891466
9.56,9.330058896017393
9.11,9.563154620389085
11.39,9.315758024548519
9.26,9.278257366229939
9.6,9.293398808028885
9.75,9.495005886471255
9.71,9.39654439638324
9.71,9.469512282470598
9.87,9.307316078399886
9.95,9.291244365174112
9.76,9.422643031531976
11.9,9.46682653375004
9.26,9.42148439534867
12.17,9.453861124083073
10.06,9.57787995627926
9.07,9.435560138759135
9.59,9.331109223234014
9.03,9.459825804422291
9.19,9.64336743856577
9.51,9.51587804905147
9.27,9.55813942767557
9.03,9.350385047178298
9.36,9.34057945656662
9.4,9.621547475356888
9.98,9.539703632283578
10.8,9.689097656721687
10.56,9.412270273237404
9.42,9.380939466376054
9.06,9.400439901933689
9.82,9.613393308143522
9.57,9.647972871304075
10.4,10.543922271100609
12.52,9.899886331166572
9.44,10.095208041634034
9.54,9.864098323136162
9.12,9.798526371010194
9.18,9.834418272631108
9.83,10.141521163596645
10.11,10.20682903216367
9.18,9.980944175204291
9.14,9.827724786326586
10.96,9.907530891969195
9.39,9.927482317074402
9.14,9.782877623367849
12.98,10.12111628231667
13.15,10.593411702913695
11.15,9.983115554109768
9.78,10.390155664069464
10.47,9.850052188763017
9.01,9.777755376725596
9.78,10.046604960966176
12.69,10.325528716590224
10.88,10.438019517019478
9.28,10.038303366804014
10.34,9.98727170190559
9.78,10.037911020601298
10.01,10.198170753991038
9.11,9.837691135931836
9.8,9.945746068186658
9.57,10.021426092062283
9.7,9.947603280252933
9.52,10.31196098839226
9.48,10.387138693219335
9.11,10.051551288592272
10.02,10.155277336429624
12.57,10.302813032401264
9.2,10.199090458962447
9.62,10.06521926258457
9.15,10.058612453814481
9.41,9.973546282061816
11.25,10.009795992905675
10.29,10.174461076368544
11.66,9.88617207320582
9.76,9.719506172958535
9.31,9.792373878984842
12.78,10.467413171384827
10.02,10.008395543725824
9.54,10.15921416455662
9.06,10.050991645592193
9.3,9.93216398282289
9.05,10.304588766857997
11.1,10.383815367959336
9.29,10.567810076859805
9.31,10.334745840560672
9.53,10.087519839092122
9.27,10.39088256589533
9.84,10.581199237240995
11.89,10.082832067729477
9.4,10.270206586244838
9.32,10.530673140471166
10.06,9.98337316848386
9.46,10.535152668194506
9.7,9.94490366332221
9.78,10.06443258803594
9.65,10.294261381047194
11.02,10.140628467051332
9.12,10.611288641426004
9.41,9.967159747830687
10.06,10.245232825575687
9.82,10.284366664883718
9.07,9.926670570795538
11.53,10.265714068890242
9.8,9.94251330752688
9.15,10.63129365564113
10.32,11.498951254710706
10.88,10.819299444435464
9.02,10.937600384926252
9.14,11.64236819406156
11.73,14.405961904761917
9.56,12.527406349206371
11.47,13.391558015873038
11.1,11.648199084249102
11.59,14.73529698035885
10.74,12.162960161935791
10.9,10.970452962583005
18.24,18.41584437105001
293.5,272.20943392503443
298.14,272.1785629330904
300.63,272.28119083572784
295.96,272.15491855221086
300.81,272.49587323613923
293.16,272.3800879003639
294.38,272.388882130948
295.29,272.3016335978145
293.39,271.93981177972404
293.0,272.38893141808086
294.7,272.21555363247876
296.05,272.16259640121365
294.92,272.375192836061
293.2,272.79161116600375
602.63,271.968074314248
295.87,272.6166972765508
295.89,272.6795822021436
292.88,272.2788377066829
294.35,272.6002294441442
545.0,272.513620205577
296.4,272.35425165859016
294.55,272.1314978520314
293.23,272.2126434553787
296.2,271.99503539340793
294.94,272.2128128720405
298.61,272.18673811602156
293.69,272.24953208187054
296.25,272.1652508454339
295.9,272.0740238517846
294.66,271.95466001951195
295.09,272.22648541153416
293.5,272.2308740462122
296.4,272.2456800272463
293.37,271.97349608272793
296.16,271.72202495293396
293.05,271.87938912196023
294.88,271.7799877295903
293.18,271.6836750494178
294.77,272.2862388629904
293.57,271.62872595490154
294.46,271.8640743278653
295.14,271.808514578686
295.89,271.64107777178754
299.53,271.73840669210927
294.2,271.8561177495797
293.31,271.8633704623266
294.0,271.6595845480252
293.9,272.12485706579287
294.69,271.8129398785475
296.89,271.73845115364185
295.55,271.96832460602275
294.55,271.9916546951
299.18,271.7239408758641
293.88,271.73462924030787
312.06,271.8310106632313
566.1,272.3833665040102
1172.36,283.6146736697671
330.19,300.7785524786326
369.79,299.6955618370678
330.45,300.86395128815633
325.02,300.4622019729347
329.25,300.8278015262515
328.2,300.7934931929181
324.28,300.60064807692305
326.84,300.9390297008547
322.18,300.9040037567492
326.73,300.6415604861514
325.63,300.3679815789476
327.6,300.57802255799766
323.71,300.1691064919027
324.03,300.74158275761073
329.24,300.62423435672514
322.86,300.30115390178844
323.45,300.26464745196347
323.5,300.42300852952326
327.22,300.50774612254634
323.75,300.5087360050769
323.59,300.47911706209976
329.26,300.1660793567253
323.5,300.5130829281537
323.8,300.38520626381154
322.68,300.4421219073324
323.56,300.2625938304095
322.51,312.44917833333324
246.34,247.07244158730018
247.84,247.88406086246962
247.56,248.34426209863548
250.33,249.7366269229791
245.34,246.39485212250602
247.49,247.57634292355803
249.67,249.2729726372633
252.1,250.92350002432144
248.73,248.1664993409371
249.68,249.19306457578816
246.09,246.84561527777643
248.97,248.763242216395
245.31,246.1863983941977
247.59,247.90981710797777
248.8,248.74487130766803
248.2,248.2332589742598
250.24,249.04121224664235
245.05,246.02483587301666
251.45,249.9949217592585
251.0,250.11365241239625
246.2,247.09584419191845
248.05,248.22108560004256
246.53,247.2944015658349
248.65,248.61625541634305
249.5,248.75714244625163
250.69,249.94586919098873
245.19,246.94196460317514
246.1,246.64201030303025
249.96,248.99355585765497
249.28,249.05087212869824
247.32,247.70217291486318
245.15,246.3630134920638
245.55,246.61195068376148
246.7,247.57447732590802
247.93,248.06880261996625
251.6,250.48224376363763
248.0,247.41556895382408
249.55,249.30063773596257
251.1,249.77396082712949
250.09,249.8562710845565
245.34,246.59469095237984
250.0,249.21731571428575
249.19,248.79207400173343
246.47,247.41838960317483
245.88,246.3233766666665
250.09,249.25421007316055
245.4,247.28286069892476
89.14,92.7160846294679
89.17,92.4358711111113
426.69,423.0283333333333
426.54,425.0287666666663
426.78,423.23984444444466
427.75,422.95703333333336
427.45,422.72008253968255
427.71,422.1498698412707
426.73,422.0817925252531
426.9,422.8123936507939
427.2,422.6669055555558
426.84,421.9754626190485
426.54,422.18244174603194
428.54,421.63132771043826
427.91,421.80434444444444
428.03,421.67455555555534
427.73,422.31174444444446
427.53,421.6322611111112
426.54,421.67643009139033
213.29,227.56250565465592
213.97,227.4561868222845
491.15,525.3308193386238
491.1,525.9070390740736
491.0,524.2500729292926
495.85,525.0678914862908
492.57,531.1523976190475
491.82,657.7183999999992
491.9,610.8853999999993
491.18,610.8853999999993
490.98,573.8499666666662
85.75,86.10588674603191
83.1,87.73701296296312
85.1,86.28121878120486
84.38,86.85211232614624
84.18,86.63976248677264
83.79,86.84535582010598
83.02,86.36729435486122
83.05,86.5111573478838
84.8,86.8392699105989
84.91,85.98610000000014
83.56,88.5218429629631
83.78,86.5483499074075
85.03,90.4710262962964
84.11,86.30201005296051
83.3,86.56704435891173
83.81,86.53793185185202
83.94,86.43254773934659
85.95,88.23662962962982
84.73,88.2289629629631
84.0,86.61154497914134
83.06,87.82628383838394
83.49,87.68476013468023
84.13,87.93773240740751
83.22,86.33135535885177
83.11,88.16198412698425
83.43,87.38095407218199
83.06,87.83885743256747
84.5,87.43060000000008
48.76,71.13503124542123
48.69,65.741036007326
51.66,71.16484686198305
48.38,64.95371158008653
50.72,68.93521689223051
48.49,72.48128728905598
48.97,67.6675969715956
51.3,72.74355935254806
51.3,67.46341499999998
51.52,66.15248722222218
49.2,77.04955079365075
51.3,66.75274302287579
48.8,67.95544441176467
50.38,67.01693328844355
51.72,65.5788524429002
48.68,63.441621247521496
54.04,62.75686237186017
48.73,51.75116246409258
126.6,192.83432067821033
126.52,191.8514452432608
126.44,191.85771633405108
127.02,192.8304163024522
126.87,192.7530056289063
125.72,191.77282214439535
125.99,192.07727452332898
126.05,192.13962167980586
125.8,191.36400475115036
126.21,191.74931911101223
125.82,191.47478678520488
125.6,191.6413105335359
127.09,191.5568521430146
125.72,191.3910077749438
127.83,191.7940150659044
125.86,191.39527683920213
126.86,191.51105020562613
126.46,191.25619231590488
306.82,280.7125518792089
308.25,280.38744277777784
306.61,280.9041484085172
306.67,280.65258680052636
306.77,280.7946411111114
307.78,280.3971700000001
306.67,280.9082537323922
306.85,280.3315573667186
307.35,280.7813999208524
307.3,280.396911342823
307.45,280.51077902777797
306.95,280.351906106238
307.05,280.91752323182214
306.65,280.5761695554992
307.85,281.0085838508212
306.87,287.1991563616559
307.0,287.86904782828276
306.66,286.0382696274549
306.54,285.7936946296297
306.8,286.06512367724883
309.22,286.1003348368299
240.91,270.35520293111273
367.95,386.7030944444446
367.26,383.6674111111113
368.14,383.9589222222223
368.36,383.7267888888893
368.45,383.5574688888892
368.01,383.48342896825466
367.31,383.6525222222224
367.67,383.9778555555557
367.4,386.57007777777784
367.29,384.02795000000015
367.24,383.7895484126987
367.51,383.84741507936536
367.25,383.7233444444444
367.75,383.8753222222225
367.93,386.45986666666676
367.25,384.1134317460318
367.85,383.92142222222225
367.28,386.07225555555567
367.62,386.6954644444444
367.25,383.47592444444433
367.98,383.3109561904764
368.04,383.6038222222222
367.5,383.5145222222221
367.86,383.8064555555553
367.68,383.4339317460317
368.4,383.600522222222
367.77,383.5282317460316
4.53,5.371264115195695
4.86,5.145141805297264
4.78,4.221407026625866
5.67,6.707591755125569
4.95,4.5294680139266426
4.61,4.567000593486163
4.96,5.454662158582798
4.9,4.508279113411656
5.73,6.750751875099112
281.16,321.1507763888893
281.48,322.02214277777836
282.28,320.9261916666669
281.16,321.5038591666669
281.83,321.24522579365106
284.0,321.7828888888889
25.26,40.47174618533513
26.2,27.949607531168617
